Gene,SeqLength,R1,R2,R3,R4,R5,R6,R7,R8,R9,R10,R11,R12,R13,R14,R15,R16,R17,R18,R19,R20,R21,R22,R23,R24,R25,R26,R27,R28,R29,R30
A26c3,2320,1,1,1,0,0,0,0,0,0,1,-1,1,0,0,0,0,0,0,-1,0,0,1,1,0,0,0,-1,0,0,1
Acod1,488,1,0,0,1,0,0,0,-1,0,0,0,0,0,0,0,0,0,1,0,0,0,0,0,-1,0,0,0,1,1,0
9930111J21Rik1,844,1,0,0,0,0,0,0,0,0,0,0,1,-1,-1,0,-1,0,0,0,0,0,0,0,0,0,0,0,0,1,0
Abr,1765,1,0,0,1,0,0,0,0,1,0,0,0,0,-1,-1,0,0,0,0,-1,0,0,0,0,0,0,0,1,0,0
Acin1,681,1,0,0,0,0,-1,1,0,0,0,0,-1,1,0,-1,0,0,0,1,0,0,0,0,0,0,0,0,0,0,0
Abcc5,1436,1,1,-1,0,-1,0,0,1,-1,0,0,0,0,0,0,0,0,1,0,-1,1,-1,1,0,0,0,0,0,0,0
Adar,1380,1,0,-1,0,1,0,0,0,0,0,0,0,0,1,1,1,0,0,0,0,0,-1,0,1,0,0,0,0,1,0
Actg1,3784,1,0,1,0,0,0,0,0,0,1,0,-1,0,1,0,0,0,0,0,0,0,-1,-1,0,-1,0,0,0,0,0
Adgre1,931,1,0,0,0,0,0,0,0,0,0,0,0,0,0,0,0,1,0,0,0,0,0,0,0,0,0,0,0,0,0
Actc1,377,1,0,-1,-1,-1,-1,0,0,0,0,0,0,-1,0,0,0,0,0,0,1,0,0,0,0,0,-1,-1,0,0,1
Adnp,1402,1,0,0,0,0,0,0,0,0,0,0,0,1,1,0,-1,0,0,0,0,0,1,-1,0,-1,0,0,0,0,0
Ak4,223,1,0,0,1,0,0,1,0,0,0,0,0,0,0,0,0,0,1,0,0,0,0,-1,1,0,0,0,0,0,0
Aff4,395,1,-1,0,0,0,-1,0,0,0,0,1,0,1,0,0,0,0,0,0,0,1,0,0,0,0,0,0,1,0,0
Akr1a1,325,1,0,0,0,0,0,0,0,0,0,0,0,1,0,0,0,0,0,0,0,0,0,1,0,-1,0,0,0,0,1
Akt3,479,1,0,-1,0,0,0,0,1,-1,0,0,0,0,1,1,0,-1,0,0,1,0,0,1,0,1,0,0,0,0,1
Aldh1b1,487,1,0,0,1,1,-1,0,0,0,0,-1,0,0,0,0,0,1,0,0,0,0,0,0,0,0,-1,0,0,-1,0
Alas1,642,1,-1,0,0,0,1,1,0,0,0,0,0,1,0,0,0,0,0,0,0,1,0,0,1,0,0,0,0,0,0
Ankrd17,2603,1,-1,1,0,0,0,0,0,0,0,-1,0,-1,0,0,0,0,0,0,0,0,0,0,0,0,0,0,0,0,0
Apaf1,228,1,0,0,0,0,0,0,0,-1,0,0,0,1,0,0,0,0,0,-1,1,-1,0,0,1,0,0,0,0,-1,0
Arap1,1452,1,0,-1,0,0,-1,0,0,0,0,0,0,-1,0,0,1,0,0,0,0,-1,0,0,0,0,0,0,-1,0,0
Apobec3,440,1,0,0,0,1,0,0,0,1,0,0,0,0,0,0,0,0,0,0,0,0,1,1,0,0,0,0,0,1,0
Akap2,734,1,0,0,0,0,0,0,0,0,0,0,0,0,0,0,0,0,-1,0,0,0,0,1,0,1,0,-1,0,0,0
Ankle2,964,1,0,0,0,1,0,0,0,0,-1,0,0,0,0,0,0,-1,0,0,0,0,0,0,0,0,0,0,0,1,0
Arfgap2,150,1,0,0,0,0,0,0,0,0,0,-1,0,0,0,0,1,1,0,0,0,0,0,0,0,0,-1,0,0,1,0
Arid3a,998,1,0,0,0,0,0,0,0,0,0,0,-1,-1,-1,-1,0,0,-1,0,1,0,0,0,0,0,0,0,0,0,0
Arl1,181,1,0,0,0,0,0,0,0,0,0,0,0,0,0,0,1,-1,0,1,0,0,0,0,0,0,-1,0,0,0,1
Arrdc2,407,1,0,0,-1,1,0,1,0,0,0,0,-1,0,-1,0,0,1,0,0,0,-1,0,0,0,0,0,0,0,0,0
Arhgap12,838,1,0,-1,1,0,0,1,0,0,0,0,0,0,0,0,-1,0,-1,0,-1,0,-1,0,-1,0,1,-1,1,1,0
Arid4a,899,1,-1,0,0,0,0,0,0,1,0,0,0,1,0,0,0,1,0,0,1,0,0,0,0,0,0,0,0,0,0
Arfgap3,525,1,0,-1,0,0,1,0,-1,0,0,0,0,0,1,1,0,1,0,0,0,0,0,1,0,0,0,-1,0,0,0
Asb6,418,1,0,0,0,0,0,0,1,1,0,0,0,-1,0,0,0,0,0,-1,0,0,0,0,0,0,0,0,0,-1,0
Arhgdib,193,1,0,0,0,1,1,1,0,0,0,0,0,-1,0,0,0,0,1,0,0,0,0,0,0,0,0,1,-1,0,0
Atg4b,121,1,0,0,-1,1,0,0,1,0,1,1,0,0,0,-1,1,0,1,-1,0,0,0,0,1,-1,0,0,0,0,1
Atf3,462,1,0,1,0,0,1,0,0,1,0,0,0,0,1,0,-1,0,0,0,1,0,-1,0,0,0,0,0,0,0,0
Ass1,464,1,0,0,-1,0,0,1,0,0,0,0,1,0,0,0,0,0,-1,0,0,0,-1,1,0,0,0,0,0,0,0
Atp6ap2,350,1,0,0,0,0,0,0,0,0,0,0,0,0,0,0,0,0,0,-1,0,0,0,0,1,0,0,0,0,0,0
Atp6ap1,463,1,0,0,0,0,0,0,0,1,0,1,0,0,0,0,1,0,0,0,0,0,0,0,0,0,0,0,0,0,0
Avl9,649,1,-1,1,0,0,1,-1,0,-1,0,0,0,0,0,0,0,0,0,0,0,0,0,0,0,0,0,1,1,0,0
Bax,195,1,0,0,0,1,-1,0,0,0,-1,0,0,0,0,1,0,0,0,1,0,0,0,0,0,0,0,0,-1,0,-1
B4galt5,388,1,1,0,1,1,0,0,0,1,0,0,1,1,0,0,0,0,0,0,0,0,0,0,0,0,0,0,0,0,0
Bclaf1,1711,1,0,0,0,0,-1,-1,-1,0,0,1,0,0,0,0,-1,0,0,0,0,0,-1,-1,0,0,0,0,0,0,0
Bmp2k,1138,1,1,1,0,0,1,0,0,1,0,-1,0,0,0,0,0,0,0,0,0,0,0,0,0,0,0,0,0,0,0
Braf,804,1,0,0,0,0,0,0,0,0,0,0,0,0,0,0,0,0,0,0,0,0,0,0,0,0,-1,0,0,0,0
Bfar,429,1,0,0,0,0,0,0,0,0,0,0,0,0,-1,-1,0,0,0,1,0,1,0,-1,0,0,0,-1,0,0,0
C3,788,1,0,-1,0,0,0,0,0,0,-1,0,-1,-1,-1,-1,0,0,0,0,0,0,-1,0,0,0,0,0,-1,0,-1
Baz1a,1555,1,0,0,0,0,1,1,0,0,0,1,0,1,0,0,0,-1,0,1,0,-1,-1,-1,0,0,0,0,1,0,0
Bst1,479,1,0,0,0,0,0,0,0,0,0,0,0,0,0,0,0,0,-1,-1,0,-1,0,0,0,0,0,0,-1,0,-1
Bsg,269,1,0,0,0,0,-1,0,0,0,-1,0,0,0,0,-1,0,-1,-1,0,-1,0,0,0,-1,0,-1,0,0,0,1
Ca13,262,1,0,1,0,0,0,0,0,0,-1,0,0,0,0,0,0,0,0,-1,0,0,0,0,0,-1,0,-1,0,0,0
Carmil1,1374,1,0,-1,-1,0,0,-1,0,0,1,-1,0,0,-1,0,0,1,-1,0,0,0,1,1,0,1,0,0,0,1,1
Ca2,214,1,0,0,0,0,0,0,0,0,0,0,0,0,0,0,0,-1,1,0,0,0,0,0,1,0,0,0,-1,0,0
Casp8,656,1,0,0,-1,0,0,0,-1,0,0,1,0,0,0,0,-1,0,0,-1,1,0,-1,0,-1,0,0,0,0,0,1
Carhsp1,223,1,-1,-1,0,1,0,-1,0,0,0,0,0,0,0,1,-1,-1,0,-1,-1,0,0,0,0,0,1,1,-1,0,0
Casp1,192,1,0,0,0,0,-1,-1,0,0,0,0,0,1,-1,0,0,0,0,-1,0,0,0,0,0,0,0,-1,-1,0,0
Casp3,192,1,0,0,0,0,-1,-1,0,0,0,0,0,1,-1,0,0,0,0,-1,0,0,0,0,0,0,0,-1,-1,0,0
Cacybp,325,1,0,1,0,0,0,0,0,0,0,0,0,1,0,0,0,1,0,0,0,0,0,0,0,0,0,0,0,0,0
Cast,381,1,0,0,0,1,1,0,0,0,0,0,1,0,0,0,0,0,0,0,-1,0,0,0,0,0,0,0,0,0,0
Ccdc25,666,1,0,0,0,0,0,0,0,0,0,0,-1,0,0,0,0,0,0,0,0,0,0,0,0,0,0,0,-1,0,1
Cbl,427,1,0,1,0,1,1,-1,0,0,0,0,0,0,-1,0,0,-1,0,0,0,0,0,0,1,1,0,0,0,0,1
Ccdc124,217,1,0,1,1,0,0,0,-1,0,0,1,0,0,0,0,1,0,1,1,0,-1,0,1,0,0,0,-1,0,1,1
Ccr1,359,1,0,-1,0,1,0,-1,1,0,0,0,-1,-1,0,0,0,0,-1,0,-1,0,0,0,0,0,0,0,0,0,0
Ccl2,373,1,0,1,0,-1,0,0,1,-1,0,-1,0,0,1,1,0,0,0,0,0,0,0,0,-1,0,0,-1,-1,0,0
Ccdc88b,1481,1,-1,0,0,1,0,0,1,0,1,0,0,0,0,0,0,0,0,0,0,0,0,0,0,0,0,0,0,0,-1
Ccnk,554,1,1,-1,0,1,-1,0,0,0,0,0,0,0,0,0,0,0,-1,0,0,1,0,0,0,0,0,-1,1,1,-1
Ccrl2,247,1,0,0,0,0,-1,0,0,0,0,0,0,0,0,0,0,0,1,1,0,0,0,0,0,0,0,0,0,0,0
Cdc42ep2,214,1,0,0,1,0,0,0,0,0,1,1,0,0,1,1,0,1,1,-1,1,0,1,-1,0,0,0,0,-1,0,0
Cd38,365,1,1,0,0,0,0,0,0,0,0,0,0,0,0,0,-1,0,0,0,0,0,0,0,0,0,0,0,0,0,0
Cebpb,424,1,0,0,0,0,0,0,0,0,0,0,0,0,-1,0,0,0,0,0,0,0,0,0,0,0,0,0,-1,0,0
Cdc5l,448,1,0,0,0,1,0,-1,-1,0,-1,-1,0,0,-1,0,0,-1,-1,0,0,0,0,0,0,0,0,0,1,1,0
Cers6,414,1,0,0,0,0,0,-1,0,0,0,0,0,0,0,0,0,0,0,-1,0,0,0,0,0,0,0,0,0,0,0
Cdv3,281,1,0,-1,0,-1,-1,1,0,0,-1,0,0,0,0,1,1,-1,1,1,1,1,1,-1,1,0,0,1,0,0,0
Cemip2,1383,1,0,0,0,0,0,1,0,0,0,0,0,0,0,0,0,0,0,0,0,0,0,1,0,0,0,0,0,0,0
Chmp2a,444,1,0,0,0,0,0,0,0,0,1,0,0,-1,0,0,0,1,0,0,0,-1,-1,1,0,0,0,0,-1,-1,0
Cept1,416,1,0,0,0,1,0,0,1,1,1,0,0,-1,0,0,0,-1,0,0,0,0,0,0,0,0,0,0,0,0,0
Cflar,971,1,0,-1,-1,-1,0,0,0,0,0,0,0,0,0,0,0,0,0,0,0,0,0,0,0,0,0,-1,0,0,0
Cfb,761,1,-1,0,0,0,0,0,0,0,0,0,0,0,0,0,0,0,0,0,0,0,0,0,0,0,0,-1,0,1,0
Clec4a1,245,1,0,0,0,0,0,0,0,-1,0,0,0,1,0,0,0,0,0,0,0,0,0,0,-1,0,0,0,0,0,0
Cggbp1,167,1,-1,1,0,0,0,0,0,0,0,0,1,0,1,0,1,0,0,0,0,0,0,0,0,-1,1,0,0,-1,0
Cfp,1663,1,0,0,0,0,0,0,0,0,0,0,0,0,0,0,0,0,0,0,0,0,0,0,0,0,0,0,0,0,0
Cmklr1,216,1,-1,0,0,0,0,0,0,0,0,0,0,0,0,0,0,0,-1,1,0,0,0,0,0,1,0,0,0,0,0
Cmpk2,447,1,0,0,0,0,1,0,1,0,0,0,0,0,0,1,0,0,1,1,0,0,0,1,0,0,0,0,0,0,0
Clic5,583,1,0,1,0,0,0,0,1,0,0,0,0,-1,0,-1,0,-1,0,0,0,0,0,0,0,0,0,1,0,0,0
Chmp4b,802,1,1,0,0,0,0,0,0,0,0,0,0,0,0,0,0,0,0,0,1,0,-1,-1,-1,0,-1,0,-1,0,0
Cnp,1022,1,0,0,0,0,0,0,0,0,0,0,0,0,0,0,0,0,1,0,0,0,0,1,0,0,0,0,0,0,0
Clec4n,209,1,0,0,-1,1,0,0,0,0,1,0,0,0,0,0,0,1,0,0,0,0,0,0,0,0,0,0,0,0,0
Cnn3,330,1,0,0,0,0,1,0,0,0,0,0,0,0,0,-1,0,1,0,1,0,0,0,1,0,-1,0,0,0,-1,-1
Copz1,177,1,-1,0,0,0,0,-1,0,0,0,0,0,0,1,0,0,0,0,0,-1,0,-1,0,-1,1,0,0,0,1,0
Cndp2,475,1,0,0,0,1,0,0,0,0,0,0,-1,-1,0,0,-1,1,0,0,1,1,0,0,-1,0,0,0,0,0,0
Coro2a,524,1,0,0,0,0,0,0,1,0,0,1,0,1,0,0,0,0,1,0,0,0,1,-1,0,0,0,-1,0,0,0
Creb1,477,1,0,0,0,0,0,-1,0,0,0,0,0,0,0,0,0,0,0,0,0,0,0,0,0,1,0,0,0,-1,0
Cpeb4,704,1,0,-1,0,0,0,0,0,0,0,0,0,0,0,0,0,1,0,0,0,0,0,1,0,0,0,0,0,0,0
Ctsc,461,1,0,0,0,0,0,0,0,1,0,0,0,0,0,0,0,0,0,0,0,0,0,1,0,-1,0,0,0,0,0
Cwc15,229,1,0,0,0,0,1,0,0,0,-1,0,0,1,0,0,1,0,1,0,-1,0,-1,0,0,0,0,0,1,0,0
Cybb,570,1,0,0,0,0,0,0,-1,0,0,0,0,0,0,0,0,0,0,0,0,0,0,0,0,0,0,0,0,0,0
D17h6s53e,293,1,0,0,1,1,0,0,0,0,0,0,1,0,0,0,1,1,1,0,0,1,0,-1,0,0,0,0,-1,0,1
Ctsh,155,1,0,0,0,0,0,0,0,0,0,0,0,0,0,0,0,0,0,0,0,0,0,0,0,0,0,0,-1,0,0
Cyth2,629,1,-1,0,1,0,0,0,0,0,0,0,0,0,0,0,0,0,0,0,0,0,-1,0,0,0,0,0,1,0,-1
Dctn4,3898,1,0,0,-1,-1,0,0,0,1,0,-1,0,0,-1,1,0,0,0,0,0,0,1,1,1,1,0,1,1,0,-1
Cxcl16,736,1,-1,0,0,0,0,0,1,-1,-1,0,0,-1,0,0,0,0,0,0,0,0,0,1,1,0,0,0,-1,1,0
Daxx,182,1,0,0,0,0,0,0,0,0,0,0,0,0,0,0,0,0,0,0,0,0,0,-1,0,0,1,0,0,0,0
Dap,114,1,0,0,0,-1,0,0,0,0,0,0,0,0,0,0,0,0,0,0,0,0,0,0,0,0,0,0,0,0,-1
Cxcl9,367,1,0,0,-1,0,0,-1,1,0,0,0,-1,0,0,-1,0,0,0,0,0,-1,0,0,0,0,0,0,-1,0,0
Dcp1a,602,1,0,0,0,0,0,0,0,1,0,1,1,1,0,0,0,0,1,0,1,0,-1,0,0,0,1,0,-1,0,-1
Dhx58,678,1,-1,0,1,0,0,0,0,-1,0,0,0,0,0,0,-1,0,1,0,0,0,0,0,0,0,0,0,0,0,1
Dnaja2,412,1,0,0,0,0,-1,0,1,0,0,-1,0,0,0,0,0,0,0,0,0,-1,0,-1,0,1,1,0,0,1,1
Dgkh,1211,1,0,0,0,0,0,0,0,0,0,0,0,0,0,0,0,0,0,0,0,0,0,0,0,0,0,0,0,0,0
Ddx58,926,1,0,0,-1,0,1,0,0,0,0,0,0,1,-1,0,0,1,1,0,0,-1,0,0,0,0,0,0,0,0,0
Dlg4,699,1,-1,0,0,0,0,0,0,0,1,0,0,0,0,0,0,0,0,0,0,-1,0,0,-1,0,0,0,0,0,0
Dock4,1978,1,0,0,0,0,-1,0,-1,1,0,0,0,0,0,0,0,0,1,0,0,0,0,0,0,0,0,0,-1,0,0
Dennd1a,1016,1,0,0,1,0,1,0,0,0,-1,0,0,0,-1,0,0,0,-1,0,0,0,0,1,0,0,0,0,0,0,-1
Dus2,493,1,0,0,0,0,0,0,0,0,0,0,0,1,0,0,0,0,0,0,0,1,0,0,0,0,0,0,1,0,0
Dnajb12,376,1,-1,0,0,1,-1,-1,0,-1,1,0,0,0,0,0,0,1,0,0,0,0,0,0,0,-1,1,0,0,1,0
Dusp28,163,1,0,0,0,-1,0,0,0,0,0,0,0,1,0,0,0,0,0,0,0,0,0,0,1,0,0,0,0,0,-1
Dnajc1,655,1,0,1,0,0,0,0,0,0,0,0,0,0,0,0,0,0,1,0,-1,-1,-1,-1,1,1,-1,-1,0,0,0
Eef1a2,462,1,0,1,-1,1,0,0,0,0,0,0,0,0,0,0,0,-1,0,0,1,0,0,0,0,0,0,0,0,0,1
Eif1,1269,1,0,0,-1,1,1,1,0,0,0,0,-1,-1,1,-1,0,0,0,0,0,1,-1,1,-1,0,0,-1,1,1,0
Emb,625,1,0,0,0,0,0,0,-1,-1,0,0,0,1,1,0,0,0,1,1,1,0,0,0,0,0,0,1,0,1,0
Dtx3l,748,1,0,0,0,0,-1,0,0,0,0,0,0,0,1,0,1,-1,0,0,0,1,0,0,1,1,0,-1,0,0,0
Elf1,83,1,0,1,1,1,0,1,1,1,0,0,0,1,1,1,0,0,0,0,0,-1,0,0,0,0,0,0,0,0,0
Enah,564,1,0,0,0,1,0,0,0,0,0,0,0,0,0,0,0,0,0,0,0,0,0,0,1,1,0,0,0,0,0
Etv6,588,1,0,0,0,0,0,0,0,-1,0,1,0,-1,0,0,0,0,0,-1,0,0,0,0,0,-1,0,1,0,-1,0
Enpp4,456,1,0,0,0,1,0,0,0,0,0,0,0,0,0,0,0,0,0,0,1,0,0,0,0,-1,0,0,0,0,1
Ensa,112,1,0,0,-1,0,0,-1,0,0,0,0,-1,-1,0,1,-1,0,-1,-1,1,0,0,0,0,-1,1,0,-1,-1,0
Evl,564,1,0,0,0,1,0,0,0,0,0,0,0,0,0,0,0,0,0,0,0,0,0,0,1,1,0,0,0,0,0
Ezr,829,1,0,0,1,0,0,0,0,0,0,1,0,0,0,0,0,0,0,0,0,0,0,0,0,1,0,0,-1,-1,-1
Epsti1,314,1,0,0,1,0,1,0,0,0,0,0,0,0,0,0,0,0,0,1,-1,0,0,0,0,0,0,1,1,-1,0
Fbxo38,301,1,-1,0,0,0,0,0,0,0,0,0,-1,0,0,0,0,0,-1,0,0,0,0,0,0,0,0,0,0,-1,-1
Fas,663,1,0,-1,1,0,0,0,0,1,0,0,0,0,0,0,0,0,0,0,0,0,0,0,0,1,0,0,0,1,-1
Fau,466,1,0,0,0,0,0,0,0,0,0,0,0,0,0,0,0,0,0,0,0,0,0,-1,1,0,-1,-1,0,-1,0
Fam114a1,569,1,0,-1,-1,0,1,-1,0,0,0,0,0,0,0,-1,-1,0,0,-1,0,0,0,0,-1,0,0,0,-1,-1,0
Fkbp15,684,1,0,-1,0,-1,-1,0,0,0,0,0,0,0,0,0,-1,0,0,-1,1,-1,0,-1,-1,0,0,-1,0,0,0
Fcer1g,249,1,0,0,0,0,0,0,0,0,0,0,0,0,0,0,0,0,0,0,0,0,0,0,1,0,0,0,0,0,-1
Fcgr4,249,1,0,0,0,0,0,0,0,0,0,0,0,0,0,0,0,0,0,0,0,0,0,0,1,0,0,0,0,0,-1
Frmd4a,1336,1,1,0,0,0,0,0,0,1,0,1,0,0,0,0,0,0,-1,0,1,0,1,0,0,0,0,0,0,0,0
Fpr1,364,1,-1,0,0,0,0,0,0,0,0,1,0,0,0,0,0,0,0,0,0,0,0,0,0,0,0,0,0,0,0
Frmd8,827,1,0,0,0,-1,1,0,0,0,0,0,0,0,0,0,0,0,1,0,0,0,1,1,0,0,0,0,0,0,0
Fcgr2b,1191,1,0,0,0,0,0,0,0,0,0,0,0,0,0,1,0,1,0,-1,-1,0,0,0,1,0,0,1,-1,0,0
Gatad2a,629,1,0,-1,-1,0,0,1,0,1,0,0,1,1,0,0,-1,0,-1,0,0,-1,-1,-1,0,-1,0,1,1,0,1
Gas7,421,1,0,0,0,0,0,1,0,0,0,0,0,0,0,0,0,-1,-1,0,0,0,0,0,0,0,0,0,0,0,0
Fpr2,351,1,-1,0,0,0,0,0,0,0,0,0,0,-1,0,0,0,0,-1,0,0,0,0,1,0,0,0,0,0,0,0
Gatm,423,1,0,1,0,1,0,0,1,0,0,0,1,0,0,-1,0,0,0,0,0,0,0,1,0,0,0,0,0,0,0
Fyb1,358,1,0,0,0,0,0,0,0,0,0,0,0,0,0,-1,-1,0,1,0,0,0,0,-1,0,-1,0,0,0,0,-1
Fyttd1,249,1,0,0,0,0,0,0,1,0,0,0,1,0,0,0,1,0,0,0,0,-1,1,0,0,0,0,0,1,0,1
Gatad2b,594,1,-1,1,0,0,-1,-1,0,0,1,0,0,0,0,1,1,0,0,-1,0,0,-1,-1,1,-1,-1,0,0,0,1
Fus,1221,1,0,0,1,0,0,0,0,0,0,0,0,0,0,0,0,0,0,0,0,0,0,0,0,0,-1,0,0,0,0
Gbp5,590,1,0,0,-1,0,0,0,0,-1,0,0,0,0,0,0,0,0,-1,0,0,0,0,0,0,0,-1,0,0,1,0
Gbp2,409,1,1,0,0,0,0,0,0,-1,0,0,0,0,0,0,0,0,0,-1,0,0,0,0,0,0,0,0,0,0,0
Gclm,274,1,0,0,-1,0,1,0,0,0,0,0,0,0,1,0,0,0,0,0,0,0,0,0,0,0,0,0,0,0,1
Gfpt1,697,1,0,0,0,0,0,0,0,0,0,0,0,0,1,0,1,1,-1,0,0,-1,0,0,0,1,0,0,0,1,0
Gbp9,619,1,0,0,0,0,0,0,0,0,0,0,0,-1,0,0,0,-1,0,0,0,0,0,0,-1,0,0,-1,0,0,-1
Gbp7,339,1,0,0,0,0,0,0,1,0,-1,0,-1,0,-1,0,0,0,-1,-1,0,0,0,0,0,0,0,0,-1,0,-1
Gch1,241,1,-1,1,0,1,0,0,1,0,0,0,0,0,0,-1,1,-1,0,0,1,0,0,0,0,0,0,0,-1,1,0
Gda,454,1,0,0,0,1,0,0,0,0,0,0,0,0,1,0,0,0,0,0,0,0,0,0,0,0,0,-1,0,0,1
Gcc1,778,1,-1,1,0,0,0,0,0,0,0,0,0,0,1,1,-1,0,0,-1,0,0,-1,0,0,1,1,0,0,0,0
Gde1,331,1,0,0,0,-1,-1,0,0,0,0,0,0,0,0,0,0,0,0,0,0,0,0,0,0,0,1,0,0,0,0
Gm4951,406,1,0,0,0,0,0,0,1,1,0,-1,-1,0,-1,0,0,0,0,0,0,-1,0,0,1,-1,0,-1,1,0,0
Glrx,107,1,0,0,-1,0,0,0,0,1,0,0,0,0,1,0,0,0,0,0,1,0,0,0,0,0,0,1,1,0,0
Gng12,72,1,0,0,1,0,0,0,0,0,0,0,0,0,0,1,1,0,0,0,0,0,1,0,-1,0,0,0,-1,1,0
Golga1,758,1,0,0,1,0,1,1,1,0,0,-1,-1,0,0,0,0,0,1,0,0,0,0,0,1,0,0,1,0,0,0
Gpd2,727,1,0,0,0,1,0,0,1,0,0,0,0,0,0,0,0,0,0,0,0,0,0,0,0,0,0,0,0,0,0
Gmppb,420,1,0,1,0,0,0,0,0,0,0,0,0,1,0,0,1,0,1,0,0,0,0,-1,0,0,1,0,0,0,0
Gpr84,396,1,0,0,0,0,-1,0,0,0,0,0,0,0,-1,0,0,0,0,0,1,0,0,0,0,0,0,0,0,0,0
Golga3,1487,1,-1,0,0,0,0,1,0,-1,0,0,0,-1,0,1,0,0,0,-1,0,0,0,0,0,-1,0,0,0,-1,0
Gnb4,340,1,0,-1,0,-1,0,0,1,0,-1,0,-1,0,0,1,0,0,0,0,-1,0,1,1,0,0,0,-1,0,0,0
Golga5,729,1,0,0,0,0,-1,0,0,0,1,0,-1,-1,0,0,0,1,0,-1,0,0,0,0,0,0,0,1,1,-1,0
Gys1,953,1,0,0,1,1,0,0,0,0,0,0,0,0,0,0,0,0,0,0,0,0,0,0,0,0,0,0,0,0,0
Gm5431,844,1,0,0,0,0,0,0,0,0,0,0,1,-1,-1,0,-1,0,0,0,0,0,0,0,0,0,0,0,0,1,0
Gripap1,274,1,0,0,0,0,0,-1,0,0,1,0,0,0,0,0,0,0,0,0,1,-1,0,0,0,0,0,0,0,0,0
H1-0,194,1,0,-1,0,0,0,0,0,0,0,0,1,0,1,1,0,1,0,0,1,1,0,0,-1,0,0,1,0,0,-1
H2-D1,374,1,0,0,0,0,0,0,0,0,0,0,0,0,0,0,0,0,0,0,1,0,0,0,0,0,0,1,0,0,0
Gsdmd,656,1,0,0,-1,0,0,0,-1,0,0,1,0,0,0,0,-1,0,0,-1,1,0,-1,0,-1,0,0,0,0,0,1
H2-Q4,354,1,0,0,0,0,0,0,0,0,0,0,0,0,0,0,0,0,-1,0,1,0,0,0,1,0,0,0,0,0,0
H2-T24,363,1,0,0,0,0,0,0,0,0,0,0,0,0,-1,0,0,0,1,0,0,0,0,0,0,0,0,0,0,0,0
H2-Eb1,264,1,0,0,0,0,1,0,0,0,0,0,0,0,0,0,0,0,0,0,0,0,0,0,0,0,0,0,1,0,0
H2-Aa,256,1,0,1,0,1,0,0,0,0,0,0,0,0,0,0,0,0,0,0,0,0,0,0,-1,-1,-1,0,-1,0,-1
H2-Q6,306,1,0,0,0,0,0,0,0,0,0,0,0,0,0,0,0,0,-1,0,1,0,0,0,0,0,0,1,0,0,0
Hcls1,486,1,0,1,0,0,0,0,0,-1,0,0,0,0,0,-1,0,0,0,-1,-1,0,-1,0,-1,0,-1,0,0,0,-1
H2-T23,357,1,0,0,0,0,0,0,0,0,0,0,0,0,0,0,0,0,0,0,0,0,0,0,0,0,1,0,0,0,0
Hmox1,289,1,-1,1,0,0,0,-1,0,0,0,0,-1,0,0,-1,0,0,1,-1,0,0,1,-1,0,0,0,0,0,-1,0
Hmgcs1,520,1,0,0,0,0,0,0,0,0,-1,0,0,0,0,1,-1,0,0,0,0,0,0,-1,0,0,0,0,0,0,0
Hnrnpm,392,1,0,-1,-1,-1,0,0,0,1,0,0,0,0,0,0,0,0,1,-1,0,0,-1,0,0,0,0,0,0,0,0
Hk2,917,1,0,0,0,0,0,0,0,0,0,0,0,-1,0,0,0,0,0,0,0,1,0,-1,0,0,0,0,0,0,1
Hnrnph3,177,1,1,-1,0,1,0,0,0,0,0,0,0,0,0,0,0,-1,0,0,0,0,0,0,0,0,0,0,0,0,0
Hopx,73,1,0,0,0,0,0,0,0,0,0,-1,-1,0,0,-1,0,0,-1,0,0,0,0,1,0,0,1,0,0,-1,0
Hspa1a,218,1,-1,0,-1,0,0,-1,0,-1,0,0,0,0,0,0,0,-1,0,1,0,1,-1,0,1,0,0,0,0,0,0
Hydin,5154,1,0,0,1,0,1,0,0,0,0,0,0,1,-1,1,0,0,0,0,0,0,0,0,-1,0,-1,0,1,0,0
Ifi205a,404,1,-1,0,-1,0,1,1,0,0,0,0,-1,0,0,-1,0,0,0,1,0,0,0,0,0,0,1,0,0,0,0
Ifi47,420,1,-1,0,0,0,0,0,0,0,1,0,0,0,-1,0,0,0,0,0,0,0,1,-1,0,0,0,0,0,0,0
Icam1,537,1,0,0,0,1,0,1,0,0,0,0,0,0,0,0,0,0,0,0,0,0,0,0,0,0,-1,0,0,0,0
Ifih1,1025,1,0,0,0,0,0,0,-1,-1,0,0,1,0,0,0,0,0,0,1,0,1,0,1,0,0,0,0,0,-1,0
Ifit3b,428,1,0,0,-1,0,0,0,0,-1,0,-1,0,1,0,0,0,0,0,0,0,0,0,1,1,0,0,0,-1,0,0
Ifit2,382,1,0,-1,0,0,0,0,0,0,1,0,0,0,0,0,0,0,0,1,-1,0,0,0,0,0,0,0,-1,-1,1
Igf2bp2,127,1,0,-1,0,0,0,1,1,0,0,0,-1,0,-1,1,0,0,0,0,0,1,-1,0,0,1,0,0,0,0,1
Igtp,424,1,0,1,0,0,0,0,0,-1,0,0,0,0,0,0,0,0,0,0,0,0,0,0,0,0,0,0,-1,0,0
Ifng,735,1,-1,0,-1,0,0,-1,0,0,0,-1,-1,0,-1,0,0,0,1,0,1,-1,1,1,0,0,0,1,1,1,-1
Ifitm2,481,1,0,0,0,-1,0,0,0,0,0,0,0,0,0,0,0,0,0,0,0,0,0,-1,0,0,1,0,0,0,0
Ifitm3,236,1,0,0,-1,0,0,0,1,0,0,1,0,0,0,0,0,0,0,0,0,0,0,0,0,0,0,0,0,0,0
Ifit3,382,1,0,-1,0,0,0,0,0,0,1,0,0,0,0,0,0,0,0,1,-1,0,0,0,0,0,0,0,-1,-1,1
Il2rg,266,1,0,1,0,0,0,0,0,1,0,0,0,0,0,0,0,0,0,0,1,0,0,0,0,0,1,0,0,0,0
Il1b,269,1,0,0,0,0,-1,0,0,0,-1,0,0,0,0,-1,0,-1,-1,0,-1,0,0,0,-1,0,-1,0,0,0,1
Ikbke,610,1,-1,0,0,0,-1,-1,-1,0,0,0,0,0,0,-1,0,0,0,0,0,-1,0,0,0,-1,0,0,0,-1,0
Il1a,270,1,0,1,0,0,-1,0,0,-1,-1,0,1,0,0,0,0,-1,0,-1,-1,0,0,0,0,0,-1,0,0,0,0
Il18bp,193,1,0,0,1,0,0,0,0,0,0,0,0,0,0,0,0,0,0,0,0,0,0,0,0,0,0,1,0,0,0
Il36g,574,1,0,0,0,0,0,0,0,0,0,0,0,0,0,0,0,0,0,0,0,0,-1,0,0,-1,-1,0,0,0,0
Inip,104,1,0,0,0,0,0,0,0,0,0,0,0,1,0,1,0,0,0,0,0,-1,0,-1,1,-1,1,1,1,0,0
Inpp5b,993,1,-1,0,0,0,0,0,0,-1,0,0,0,-1,0,-1,0,0,0,0,0,0,0,0,0,0,0,1,0,-1,0
Iqcf3,203,1,-1,0,-1,0,-1,1,1,1,-1,0,0,-1,-1,0,-1,0,0,0,-1,0,0,0,-1,1,0,0,0,-1,-1
Irf9,417,1,0,-1,0,0,0,0,0,1,0,1,0,0,1,0,0,0,1,0,0,0,0,1,0,1,0,0,1,1,0
Irf5,1102,1,-1,0,-1,0,0,-1,0,0,0,0,0,1,-1,-1,0,0,1,1,1,1,1,0,1,0,1,0,0,0,0
Isy1,773,1,-1,0,0,-1,0,0,0,0,0,0,1,-1,0,0,0,-1,0,0,0,-1,0,1,0,0,0,0,0,0,0
Itga5,1053,1,0,0,0,0,0,1,0,0,1,0,0,0,0,0,0,0,0,1,0,0,0,1,1,0,0,0,0,0,0
Itgb7,806,1,0,-1,0,0,0,0,0,0,0,0,0,0,0,0,0,0,0,0,-1,0,-1,0,1,0,0,0,0,0,-1
Irak3,609,1,0,0,1,0,0,0,1,0,0,0,0,0,0,0,0,0,0,-1,0,0,0,0,0,0,0,-1,0,0,0
Ist1,362,1,0,0,0,0,0,1,0,-1,1,0,1,0,0,0,1,0,0,0,0,1,0,1,0,0,-1,1,1,1,0
Jak2,1068,1,0,0,1,0,0,0,0,-1,0,0,0,0,0,0,0,0,0,1,0,0,0,-1,0,0,0,0,0,0,0
Isg15,714,1,0,0,0,0,0,0,-1,0,1,0,0,1,0,0,0,0,0,-1,0,0,0,0,1,0,0,0,0,0,0
Jund,125,1,0,0,0,0,-1,0,0,-1,0,0,0,0,1,0,0,0,0,0,1,0,-1,0,0,-1,-1,0,1,1,0
Junb,334,1,0,0,1,0,-1,0,0,0,0,-1,-1,0,0,0,0,0,0,0,0,0,-1,0,0,0,0,0,0,0,0
Itpkb,405,1,-1,1,0,0,1,0,0,0,0,0,0,0,0,0,0,0,0,1,-1,0,0,0,0,0,0,0,0,0,0
Kctd12,327,1,0,0,0,-1,0,0,1,0,0,0,0,0,0,0,0,0,0,0,0,0,0,0,0,0,0,0,-1,0,0
Jpt1,154,1,0,0,0,0,0,0,1,0,0,-1,0,0,0,1,0,0,0,1,0,0,1,0,0,0,0,0,0,0,0
Kdm4a,327,1,0,0,0,0,-1,1,0,1,0,0,0,0,0,0,1,0,0,0,1,0,0,0,0,-1,1,-1,1,1,1
Kif1c,1014,1,0,-1,-1,0,1,0,0,1,0,0,0,0,1,1,1,0,1,-1,0,0,0,1,0,0,0,0,0,0,0
Kif3b,132,1,0,1,-1,0,0,0,-1,0,0,0,0,0,-1,-1,0,0,1,0,1,0,0,-1,0,-1,0,0,0,0,0
Lacc1,430,1,0,-1,0,0,0,0,-1,0,0,0,0,0,0,0,0,0,1,0,0,0,-1,0,0,0,-1,0,0,-1,0
Lap3,519,1,0,0,0,0,0,0,0,0,0,1,0,0,0,1,1,0,0,0,1,0,0,0,-1,1,0,0,0,0,0
Kxd1,177,1,-1,0,0,-1,0,0,0,1,0,0,0,0,1,0,0,0,0,0,0,0,-1,-1,0,0,0,0,0,0,0
Kpna4,521,1,0,-1,0,-1,1,0,-1,0,0,1,0,1,0,0,1,0,1,0,1,-1,0,-1,0,0,1,1,0,1,0
Lgi2,550,1,0,0,0,1,0,0,0,0,0,0,0,0,0,0,0,0,0,0,0,0,0,0,0,0,0,0,1,1,0
Lbr,648,1,-1,1,1,0,0,0,0,0,0,1,1,1,1,0,1,0,1,1,-1,1,0,0,1,1,0,-1,0,0,0
Lgals9,198,1,0,0,0,0,0,0,0,0,1,0,0,0,-1,0,0,0,0,0,0,0,-1,0,0,0,1,-1,0,1,0
Limd2,128,1,0,0,0,0,0,0,0,0,0,0,0,0,0,-1,0,1,0,0,0,0,0,0,0,0,0,1,0,1,0
Larp1,1072,1,0,0,0,0,-1,0,0,0,0,0,0,0,0,0,0,0,0,-1,-1,0,0,0,0,1,1,1,0,0,0
Lpp,755,1,0,0,0,0,0,1,1,0,0,0,0,0,0,1,-1,1,0,0,0,1,0,0,1,0,-1,0,-1,0,0
Lonp2,852,1,0,0,0,0,0,0,0,0,0,0,1,0,0,0,0,0,0,0,-1,0,0,0,0,0,0,0,0,0,1
Lrrc25,297,1,0,0,0,1,0,1,0,0,0,0,0,0,0,0,0,0,0,0,0,0,1,0,0,0,0,-1,0,0,0
Lpcat2,544,1,0,1,0,0,-1,0,0,0,0,0,0,0,0,0,0,0,0,0,0,-1,0,0,0,1,0,0,0,0,0
Lrrc8c,803,1,0,0,0,0,-1,0,1,0,0,0,-1,0,0,0,0,0,0,0,0,1,0,0,0,-1,0,0,0,0,0
Lrch1,709,1,0,0,0,0,0,-1,0,0,0,0,0,0,0,0,0,0,0,0,0,0,0,0,0,0,0,0,0,0,0
Ly6i,134,1,-1,0,0,0,0,0,1,0,0,0,0,0,0,0,0,0,0,0,0,0,-1,1,0,0,0,0,-1,0,0
Lrrfip1,1271,1,-1,0,0,0,0,0,0,0,0,1,0,0,-1,0,0,0,0,-1,0,1,0,0,0,0,0,-1,0,0,1
Lst1,95,1,0,-1,-1,0,0,0,0,0,0,0,0,0,0,0,0,0,0,0,0,0,0,0,0,0,0,0,0,0,0
Lsp1,330,1,0,-1,0,0,0,-1,0,1,0,-1,-1,0,-1,-1,0,0,0,-1,-1,0,-1,0,0,0,0,0,0,1,-1
Lztfl1,186,1,0,1,0,0,0,1,0,0,0,0,0,-1,0,0,0,0,1,0,0,0,0,0,0,0,1,0,-1,0,0
Luzp1,1068,1,0,-1,0,0,0,0,1,-1,0,0,0,0,1,0,0,1,0,1,0,0,0,0,0,1,1,0,-1,-1,0
Lyn,581,1,1,0,0,0,0,0,0,0,0,0,0,0,0,0,0,0,0,0,-1,0,0,0,0,0,0,0,0,1,0
Map2k6,360,1,0,0,-1,1,0,0,0,0,1,0,-1,0,0,1,0,0,0,-1,0,0,-1,1,0,0,0,0,0,0,0
Map2k1,273,1,-1,0,0,0,0,1,1,1,-1,0,0,1,0,0,1,0,1,0,0,0,0,0,0,0,-1,0,0,1,0
Maf,2824,1,0,0,-1,0,0,0,0,0,0,0,1,0,0,0,0,0,0,0,0,0,0,0,0,0,1,0,0,0,0
Mapk7,431,1,0,0,1,0,-1,0,0,1,0,0,0,0,0,0,1,0,1,0,0,0,0,0,0,0,0,0,0,1,0
Map3k20,289,1,0,0,0,0,0,0,0,0,0,0,1,0,-1,-1,0,0,0,0,-1,0,0,0,0,0,0,0,0,0,0
Max,1992,1,0,0,0,0,0,0,0,0,0,1,1,0,0,0,1,0,0,0,0,0,-1,0,0,0,0,0,0,0,0
Marcks,755,1,0,1,1,0,1,0,0,0,0,0,0,-1,-1,-1,-1,-1,-1,0,-1,0,0,-1,0,-1,0,-1,0,0,0
Marco,584,1,0,0,0,0,0,0,0,0,0,-1,1,0,-1,0,0,0,-1,0,0,0,0,0,0,0,0,0,0,0,0
Mapk1ip1l,242,1,0,-1,-1,0,0,0,0,-1,0,0,0,-1,0,0,0,0,1,0,0,0,0,0,0,0,1,0,0,0,0
Mark2,938,1,0,0,0,0,0,0,0,0,0,0,0,0,-1,0,0,0,0,0,0,0,0,0,-1,0,1,0,0,0,1
Mecp2,1828,1,0,-1,-1,1,1,-1,-1,0,1,0,0,0,0,0,0,0,0,0,0,-1,0,0,0,0,0,0,0,0,-1
Mertk,466,1,0,0,0,0,0,0,0,0,0,0,0,0,0,0,0,0,0,0,0,0,0,-1,1,0,-1,-1,0,-1,0
Mbnl1,341,1,0,0,0,0,0,0,0,1,-1,0,1,0,0,0,0,-1,0,0,1,-1,0,0,1,0,0,0,0,1,0
Micall2,911,1,0,-1,0,0,0,0,0,0,0,0,0,0,0,0,0,0,0,0,0,0,0,0,0,0,0,0,0,0,0
Mfap1b,439,1,0,0,0,0,0,0,0,1,0,0,0,0,0,0,0,0,0,0,0,0,0,1,0,-1,1,0,-1,0,0
Micos13,119,1,0,0,1,0,0,0,0,0,1,0,0,0,1,0,0,0,0,0,0,0,0,0,0,0,0,-1,0,-1,0
Med8,745,1,0,0,1,0,1,0,0,-1,0,-1,-1,0,0,0,1,0,0,0,0,0,1,0,0,0,0,0,-1,0,0
Mitf,352,1,0,0,0,0,0,0,0,0,0,0,0,0,0,0,0,0,0,0,0,0,0,0,-1,1,-1,0,0,0,1
Mff,250,1,0,-1,0,0,1,0,0,0,-1,0,-1,0,0,-1,0,0,0,0,1,0,1,0,0,-1,1,0,1,0,0
Mnda,425,1,0,0,-1,0,1,1,0,0,0,0,1,0,0,-1,0,0,0,1,0,0,0,0,0,0,1,0,0,0,0
Mov10,1187,1,0,-1,-1,0,0,0,0,0,0,-1,0,0,0,0,1,0,0,0,0,0,0,0,-1,0,0,0,0,0,-1
Mkln1,653,1,0,0,0,0,0,0,0,0,0,0,0,0,0,0,0,0,0,0,0,0,0,0,0,0,0,0,0,0,0
Mndal,538,1,0,-1,0,1,1,0,0,0,0,1,0,0,-1,0,0,-1,-1,0,0,0,1,0,0,1,0,0,0,1,1
Ms4a4a,236,1,0,0,0,0,0,0,-1,0,0,0,0,-1,0,0,0,0,0,0,0,0,0,0,0,0,0,0,0,0,0
Morc3,15,1,1,0,0,0,0,0,1,1,0,0,0,0,1,-1,,,,,,,,,,,,,,,
Mrpl10,262,1,0,0,0,0,0,0,0,0,1,0,0,0,0,0,1,0,0,0,0,0,0,0,0,0,0,1,0,0,0
Mrtfb,361,1,0,-1,0,0,0,0,0,-1,-1,0,0,0,0,0,1,0,0,0,0,0,0,0,-1,1,0,0,0,1,0
Ms4a4c,131,1,-1,0,-1,1,0,0,0,0,0,0,0,0,0,0,0,0,0,0,0,0,0,0,0,0,0,0,0,0,0
Ms4a7,267,1,0,0,0,0,0,0,0,0,0,0,0,0,0,0,0,0,0,0,0,0,0,1,0,0,0,0,0,0,0
Mmp14,582,1,0,0,0,0,1,0,0,1,0,0,0,0,0,0,0,0,0,0,0,0,0,0,0,0,0,0,0,0,0
Ms4a6b,244,1,0,0,0,0,0,0,0,-1,0,0,0,0,0,0,0,0,0,0,0,0,0,0,0,-1,1,0,0,0,0
Mocs2,189,1,0,0,0,-1,0,0,0,0,0,0,0,0,-1,0,1,0,0,0,0,1,0,0,0,-1,-1,0,0,0,-1
Mvp,861,1,0,0,-1,-1,0,0,0,1,0,0,0,0,0,0,0,0,0,0,-1,0,0,0,0,0,0,1,0,-1,0
Mx1,397,1,-1,0,0,0,0,0,0,1,0,0,-1,-1,1,0,1,0,0,0,-1,0,0,-1,0,0,1,0,0,0,0
Mtmr14,648,1,0,0,0,1,0,0,0,0,0,0,0,0,0,0,0,0,0,0,0,0,0,0,0,-1,0,0,0,0,-1
Nacc1,514,1,0,0,0,0,0,0,-1,0,0,0,0,0,0,0,0,0,-1,0,0,0,-1,0,1,0,0,0,0,0,0
Mtdh,910,1,0,0,0,0,0,0,0,0,0,0,0,0,0,0,0,0,0,0,0,1,0,0,0,1,0,0,0,0,0
Myd88,518,1,1,0,1,0,1,0,-1,0,1,0,0,0,0,0,0,0,-1,1,0,0,-1,0,0,1,0,0,0,0,0
Myl1,188,1,0,0,1,1,-1,0,1,1,0,0,0,0,0,0,0,0,0,0,0,0,0,0,0,0,1,0,1,-1,-1
Ncf4,304,1,0,0,0,0,0,0,1,0,-1,0,-1,0,-1,0,0,0,-1,-1,0,0,0,0,0,0,0,0,-1,0,-1
Nfkbie,558,1,0,0,1,1,0,0,1,-1,0,0,0,-1,0,0,0,0,0,0,0,-1,0,0,0,0,0,0,0,0,0
Ndrg1,394,1,0,1,-1,0,0,-1,0,-1,0,0,-1,0,1,0,0,0,-1,1,0,-1,0,0,0,0,0,0,0,-1,0
Nab1,486,1,0,0,0,0,0,1,0,0,0,-1,0,0,0,0,1,0,0,0,1,0,0,0,0,0,0,0,-1,0,0
Nfkb2,558,1,0,0,1,1,0,0,1,-1,0,0,0,-1,0,0,0,0,0,0,0,-1,0,0,0,0,0,0,0,0,0
Ninj1,277,1,-1,0,0,1,0,0,0,-1,0,1,0,0,0,0,0,-1,0,1,0,0,0,0,0,1,0,0,-1,0,0
Ncbp3,615,1,0,0,0,1,0,0,1,0,0,0,1,0,-1,0,0,0,0,0,0,0,0,0,0,0,0,-1,0,-1,0
Ncor2,484,1,0,0,0,0,0,0,0,1,-1,-1,1,0,-1,-1,0,-1,0,0,0,0,1,-1,1,0,0,1,0,1,1
Nod1,574,1,-1,0,-1,1,0,0,0,0,0,0,1,1,0,0,0,0,0,0,0,0,0,0,0,0,1,1,0,0,0
Nfkbiz,596,1,0,-1,0,0,0,0,1,0,0,0,-1,0,0,0,0,0,0,0,0,0,0,-1,-1,1,0,0,0,0,0
Nol7,254,1,0,0,0,1,0,1,0,0,1,0,0,0,0,0,-1,0,0,0,-1,-1,-1,0,0,0,0,-1,-1,-1,-1
Nkapl,395,1,0,0,0,0,1,0,1,0,0,-1,-1,0,0,0,0,0,1,1,1,1,0,0,-1,0,0,0,0,0,0
Nmes1,83,1,0,0,0,0,0,0,0,1,0,1,-1,0,0,0,0,0,0,0,0,0,0,0,0,0,0,0,0,0,0
Nsd3,1446,1,-1,0,0,0,0,0,0,0,0,0,0,0,0,0,0,0,0,0,0,0,0,0,-1,0,0,0,0,1,0
Notch1,235,1,-1,0,0,-1,0,0,0,0,0,0,0,0,0,0,0,1,0,0,0,0,0,0,0,0,0,0,0,-1,0
Nrp2,1893,1,1,0,0,0,0,0,0,0,0,0,0,0,0,0,0,0,0,0,0,0,0,0,0,0,0,0,1,0,0
Nup35,325,1,0,0,0,0,0,-1,0,0,0,0,0,0,0,0,-1,0,0,0,0,0,0,0,0,0,0,1,0,0,0
Nr3c1,446,1,0,0,0,0,0,0,0,-1,0,0,0,0,0,0,0,0,0,0,0,0,0,0,0,0,0,0,0,0,1
Nlrp3,465,1,0,0,0,0,1,0,0,0,0,0,0,0,0,0,-1,0,-1,0,-1,0,0,0,0,0,0,1,-1,0,0
Nub1,638,1,1,0,0,0,0,0,0,1,0,1,0,0,0,1,0,0,0,0,1,0,0,1,1,0,0,0,1,1,0
Oasl1,511,1,0,0,0,0,-1,0,0,0,0,0,0,0,1,0,-1,0,0,0,0,0,0,0,0,0,0,1,-1,0,1
Oas2,742,1,0,0,0,0,0,0,0,0,0,0,-1,1,0,0,0,0,0,0,0,0,0,0,0,0,0,0,0,0,0
Nt5c3a,331,1,-1,1,0,0,0,0,1,0,0,0,0,0,0,0,0,0,0,0,0,0,0,0,0,0,0,0,0,0,0
Nufip2,692,1,-1,-1,1,0,0,0,0,0,0,0,0,0,0,0,0,0,0,0,0,0,0,0,0,0,0,0,0,0,0
P4ha1,789,1,0,0,0,1,0,0,0,0,0,0,0,0,0,0,0,0,0,0,0,-1,0,-1,-1,1,0,-1,0,0,0
Pabpc1,891,1,0,0,0,0,0,0,0,0,0,0,0,0,0,0,0,0,0,0,0,0,0,0,0,0,0,0,0,0,0
Oasl2,260,1,0,0,-1,0,0,-1,0,0,0,0,-1,-1,0,0,0,0,0,0,-1,0,0,0,0,0,1,-1,0,0,0
Palld,979,1,1,0,0,1,0,1,0,1,1,0,-1,0,0,-1,0,0,1,0,-1,-1,1,0,0,0,0,0,-1,0,0
Ogfr,633,1,-1,-1,0,-1,0,-1,0,0,0,-1,-1,-1,0,-1,-1,-1,0,-1,-1,0,0,0,-1,-1,0,0,-1,-1,-1
Pdk3,391,1,1,1,0,0,0,0,0,0,0,0,0,0,0,0,0,0,0,1,0,0,0,1,0,0,0,0,0,0,1
Parp9,1817,1,0,0,0,0,0,0,0,0,0,0,-1,0,0,0,0,0,-1,0,0,1,0,0,0,0,1,0,0,0,0
Pex7,1038,1,0,0,1,0,0,0,0,0,0,0,0,0,0,0,-1,0,0,0,1,1,0,1,0,0,0,1,0,0,0
Pdzd11,1491,1,-1,0,0,0,-1,0,0,0,0,0,0,0,0,-1,0,0,0,0,0,0,0,0,1,0,0,-1,0,0,0
Pfkp,620,1,0,0,0,0,0,0,0,0,-1,0,0,0,0,0,0,0,0,1,0,0,0,0,0,0,0,0,0,1,1
Pdlim4,2453,1,0,0,0,0,0,-1,0,0,-1,0,1,0,0,0,0,0,-1,-1,-1,0,0,0,0,0,0,0,0,0,-1
Patl1,983,1,-1,1,0,0,0,-1,0,-1,0,0,-1,0,0,0,-1,0,1,1,0,0,0,0,1,0,0,0,1,0,0
Pgap2,254,1,0,0,0,0,0,0,0,-1,1,-1,0,0,0,0,1,0,1,0,0,0,0,0,0,0,0,0,0,0,0
Parp14,1817,1,0,0,0,0,0,0,0,0,0,0,-1,0,0,0,0,0,-1,0,0,1,0,0,0,0,1,0,0,0,0
Phactr4,694,1,-1,-1,0,0,-1,-1,0,-1,0,0,0,0,-1,0,0,0,0,0,-1,0,0,-1,0,0,-1,0,0,0,0
Pgm1,562,1,0,1,0,0,0,0,1,0,0,0,0,0,-1,0,1,0,0,0,0,0,0,1,1,1,0,1,0,0,0
Phf11b,271,1,-1,1,1,0,0,0,0,0,0,-1,0,0,-1,0,0,0,0,0,0,0,0,0,0,0,0,0,0,0,-1
Picalm,417,1,0,0,0,0,0,0,0,0,0,0,0,0,0,0,1,1,1,0,0,0,0,0,0,0,0,0,0,0,0
Pitpnm1,1243,1,0,0,1,-1,0,0,0,0,0,0,0,0,0,-1,-1,0,0,0,0,0,0,0,0,0,0,1,1,0,1
Pik3ap1,296,1,0,0,0,-1,0,1,0,0,0,0,0,0,-1,0,0,0,0,0,0,0,0,0,0,0,0,0,0,0,1
Pilra,302,1,0,0,0,0,0,0,0,0,0,0,0,0,0,0,0,0,0,0,0,0,0,0,0,0,0,0,0,0,0
Phf11a,293,1,0,0,-1,1,0,0,0,0,0,0,0,0,0,0,-1,0,0,0,0,-1,1,0,-1,1,1,0,0,0,0
Pilrb1,224,1,0,0,0,0,0,0,0,0,0,0,0,0,0,0,0,0,0,0,0,0,0,0,0,0,0,0,0,0,0
Plaat3,162,1,0,0,0,0,0,-1,0,1,0,0,-1,0,0,-1,0,0,1,0,0,0,1,0,0,0,0,0,0,0,-1
Pla2g7,440,1,0,0,0,1,0,0,0,0,0,0,0,0,0,0,0,0,0,0,0,0,0,0,0,0,-1,0,0,0,0
Pla2g4a,740,1,0,0,0,-1,0,0,0,0,0,1,0,0,0,0,0,0,1,0,0,1,0,0,1,0,0,0,0,-1,0
Plod3,741,1,0,0,0,0,0,-1,0,1,0,0,0,0,0,0,0,0,0,0,0,0,0,0,0,0,0,0,0,-1,1
Plek,350,1,-1,0,1,1,0,1,-1,0,0,0,0,1,1,0,0,0,0,0,0,0,1,0,0,0,0,0,0,0,-1
Pomp,221,1,0,0,0,1,0,0,0,-1,0,-1,0,0,0,0,0,1,0,-1,0,0,0,0,1,0,0,0,-1,0,0
Pnn,490,1,0,0,1,0,0,0,1,0,0,1,0,0,0,0,0,0,1,0,0,0,0,1,0,0,0,0,0,0,0
Ppfibp2,882,1,0,0,-1,0,0,0,0,0,-1,0,0,0,-1,0,0,-1,0,0,0,0,0,0,1,0,0,0,-1,0,0
Ppp1r18,594,1,0,0,0,0,-1,0,1,0,0,0,0,0,1,1,1,0,-1,-1,0,0,0,1,0,1,-1,1,0,-1,1
Prdx1,199,1,0,0,0,0,0,1,0,0,0,0,0,0,0,0,1,0,0,0,0,0,0,-1,0,0,0,1,-1,0,0
Prdx6,608,1,1,0,0,0,0,0,0,0,0,0,0,0,0,0,0,0,0,1,0,0,0,1,1,-1,0,0,1,0,-1
Ppp1r12a,1029,1,1,0,0,-1,0,1,0,1,1,0,-1,0,0,1,1,0,0,0,0,-1,0,-1,0,-1,0,0,0,0,1
Pnp,289,1,-1,0,-1,0,0,0,-1,-1,0,-1,0,0,0,1,0,0,0,0,0,0,-1,0,1,0,0,0,0,0,0
Ppp2r5a,486,1,0,0,0,0,0,0,0,0,0,0,0,0,0,0,0,0,0,-1,1,0,-1,0,0,0,1,1,0,0,1
Prpf38b,542,1,0,0,0,0,0,0,0,0,0,0,0,0,0,0,0,0,0,0,0,0,0,0,0,0,0,0,0,0,0
Prrc2a,2158,1,0,-1,1,0,0,0,0,0,1,0,1,-1,0,1,1,0,0,0,0,0,0,0,-1,0,0,1,0,1,0
Prex1,1261,1,-1,0,0,0,1,0,0,0,0,1,1,1,1,1,0,1,0,0,1,-1,1,-1,1,1,0,1,0,0,0
Psat1,370,1,-1,0,0,1,0,0,0,0,0,0,0,0,0,0,1,0,0,0,0,0,0,0,-1,0,0,1,0,0,0
Psma5,241,1,0,0,0,1,0,-1,0,-1,1,0,0,0,0,0,0,0,-1,0,1,0,0,0,0,-1,0,0,0,-1,0
Procr,242,1,0,0,1,0,0,0,0,0,0,0,0,0,0,0,0,0,0,0,0,0,-1,0,0,0,0,0,0,0,0
Psmb9,219,1,0,1,0,0,0,0,0,0,0,0,0,1,0,-1,-1,0,0,0,0,0,0,0,0,0,0,-1,0,-1,0
Prkcd,382,1,0,-1,0,0,0,0,0,1,0,0,-1,1,0,0,0,0,0,0,0,0,0,1,0,0,0,0,0,0,0
Prrc2c,2846,1,0,-1,1,0,0,0,0,0,1,0,1,-1,0,1,1,0,0,0,0,0,0,0,0,0,0,1,0,1,0
Psmd4,376,1,0,0,-1,0,0,0,0,0,0,-1,0,0,-1,0,0,1,0,0,-1,0,0,0,0,1,0,0,0,0,0
Ptgs2,375,1,0,0,0,0,0,-1,0,-1,-1,0,0,0,0,0,0,0,0,-1,0,0,1,0,0,1,-1,0,-1,0,0
Psme4,1843,1,-1,0,0,-1,1,0,0,0,0,-1,0,0,-1,0,0,0,1,0,0,0,0,0,1,0,0,0,0,0,1
Psme1,249,1,0,0,0,1,0,0,0,-1,0,0,0,1,0,-1,0,0,1,-1,-1,0,0,0,1,0,-1,0,0,0,0
Ptges,153,1,0,0,0,0,0,0,0,-1,0,0,0,0,0,0,0,0,0,0,0,0,0,0,0,0,0,1,0,0,0
Psme2,231,1,0,-1,0,0,0,0,0,0,-1,0,0,1,0,0,0,0,0,-1,0,-1,-1,0,0,0,0,0,0,0,1
Ptpn2,837,1,0,0,0,0,0,0,0,1,0,0,0,-1,1,0,0,1,0,0,0,-1,0,0,0,1,0,1,0,0,0
Pstpip2,334,1,0,0,0,0,0,1,0,0,0,0,0,0,-1,0,0,0,0,0,0,0,-1,0,0,0,0,0,0,0,0
Pvr,249,1,0,0,0,0,0,0,0,0,0,0,0,0,0,0,0,0,0,0,0,0,0,0,0,0,0,0,0,0,0
Ptprj,535,1,0,0,0,1,0,1,0,1,-1,0,0,0,1,1,1,0,0,-1,0,0,-1,0,0,0,0,0,0,0,0
Rab20,233,1,1,1,0,-1,0,1,0,0,0,0,0,-1,0,0,0,0,1,0,0,0,0,0,1,0,0,-1,1,1,0
Rabgap1l,3898,1,0,0,-1,-1,0,0,0,1,0,-1,0,0,-1,1,0,0,0,0,0,0,1,1,1,1,0,1,1,0,-1
Rab3ip,428,1,0,0,-1,0,0,-1,0,0,0,-1,0,0,0,0,0,0,0,0,0,-1,0,0,0,0,0,-1,0,0,0
Rap2c,183,1,1,-1,0,1,0,0,0,0,0,0,0,0,0,0,1,0,0,0,0,0,0,0,0,0,0,0,0,0,-1
Rab43,215,1,-1,0,0,0,0,0,0,0,0,1,0,0,0,0,0,-1,0,0,0,0,1,0,0,0,0,1,0,0,0
Rab5if,129,1,0,0,0,1,1,1,-1,-1,0,0,0,0,0,0,0,0,0,0,0,1,0,0,0,0,0,1,0,0,1
Rab11a,310,1,0,0,0,0,0,0,0,-1,-1,0,0,0,0,0,0,0,0,0,0,0,0,0,1,0,0,0,0,0,1
Rbm10,130,1,1,-1,-1,0,0,0,0,0,0,0,0,0,0,-1,0,0,0,0,0,1,0,0,0,-1,1,0,0,0,0
Rasa4,802,1,0,1,1,0,0,0,0,0,1,0,0,-1,0,1,0,0,0,0,1,-1,0,0,0,0,0,-1,0,0,0
Rbm47,521,1,0,0,-1,-1,0,0,0,0,0,0,0,-1,0,0,0,0,0,0,0,1,0,0,-1,0,0,0,0,0,0
Rassf4,322,1,1,-1,0,0,0,0,0,0,0,0,0,0,0,-1,0,1,0,0,0,1,0,-1,0,0,0,0,0,1,0
Rbm42,478,1,0,0,0,0,0,0,0,0,0,0,0,0,0,0,0,0,0,0,0,0,0,0,0,0,0,0,0,0,0
Rbms1,403,1,0,1,0,0,1,0,0,0,0,0,0,0,0,0,0,0,0,0,0,0,0,0,0,1,0,0,0,0,0
Rel,518,1,1,0,1,0,1,0,-1,0,1,0,0,0,0,0,0,0,-1,1,0,0,-1,0,0,1,0,0,0,0,0
Retreg3,466,1,-1,-1,0,-1,0,0,0,0,0,0,0,0,0,0,0,0,0,0,1,0,1,1,0,0,0,0,0,0,-1
Resf1,1521,1,0,0,0,0,1,0,-1,0,0,0,1,0,0,0,0,0,1,0,0,0,0,0,0,0,0,0,0,0,0
Rbpms,197,1,0,0,0,0,1,0,-1,1,-1,0,0,0,0,-1,0,0,0,0,-1,-1,-1,0,1,0,0,0,0,0,0
Rhbdf2,152,1,0,0,0,0,0,0,0,0,0,0,0,0,1,0,0,1,0,0,0,0,-1,-1,0,-1,0,0,0,0,0
Rbm3,254,1,0,0,0,0,1,0,-1,0,-1,0,1,0,1,0,-1,0,0,1,-1,1,0,0,0,-1,0,-1,-1,0,0
Ripk2,539,1,0,0,-1,0,0,0,0,0,0,0,0,0,0,0,0,1,0,0,-1,0,0,0,0,0,1,0,0,0,0
Rnaset2a,259,1,0,0,0,-1,0,1,0,0,0,0,0,0,0,0,0,0,0,0,0,0,0,0,0,0,0,0,0,0,0
Rex1bd,169,1,0,0,0,0,0,-1,0,0,0,0,0,-1,0,0,0,0,0,-1,0,0,0,0,0,1,-1,0,0,0,0
Rgl1,768,1,1,0,0,0,0,0,1,0,0,0,0,0,-1,0,0,-1,-1,0,-1,-1,0,0,0,0,0,0,0,0,1
Ric1,1422,1,0,0,0,0,0,0,0,1,1,0,0,0,0,0,1,0,0,0,-1,0,0,0,0,0,0,0,-1,0,1
Rnf135,926,1,0,0,-1,0,1,0,0,0,0,0,0,1,-1,0,0,1,1,0,0,-1,0,0,0,0,0,0,0,0,0
Rnf114,229,1,0,0,0,0,0,-1,0,1,-1,0,0,0,0,0,0,1,0,0,0,-1,0,-1,0,0,0,1,0,0,0
Rilpl2,389,1,-1,-1,0,0,0,0,0,0,0,0,0,0,0,0,-1,1,0,0,0,-1,0,0,0,0,-1,0,0,-1,0
Rpl38,70,1,0,1,1,0,-1,-1,0,1,-1,0,0,0,0,0,1,1,1,-1,0,1,0,0,1,0,1,1,0,1,-1
Rnf214,668,1,0,0,0,-1,0,0,0,0,0,0,0,0,0,0,0,0,-1,0,0,0,0,0,0,0,1,0,-1,-1,0
Rps23,143,1,0,1,0,1,0,0,1,0,0,1,1,0,1,0,0,1,1,-1,0,1,0,0,-1,1,0,0,1,1,0
Rsrc2,376,1,0,1,0,0,0,0,0,1,0,0,1,1,0,-1,0,1,-1,1,0,0,1,1,0,1,0,-1,-1,0,0
S100a8,89,1,0,0,-1,0,-1,1,0,0,0,0,0,0,-1,0,0,0,0,0,0,0,0,0,0,0,0,0,0,0,0
Riok3,519,1,-1,0,0,0,0,0,0,0,-1,0,0,0,0,0,0,0,0,0,0,1,0,0,0,0,0,0,0,0,0
Rras,347,1,0,0,0,1,-1,0,0,0,0,0,1,-1,0,0,0,0,0,0,0,0,0,0,0,0,0,0,0,0,0
Saa3,122,1,1,0,0,0,0,0,0,0,0,0,0,0,0,0,0,-1,0,0,1,0,0,0,0,0,1,-1,0,0,0
Samd4b,687,1,0,0,1,-1,0,0,0,0,0,0,0,0,0,1,0,0,0,-1,0,-1,0,0,0,0,0,0,0,0,0
Samhd1,658,1,-1,0,0,0,0,0,0,0,0,0,0,0,1,-1,0,0,0,1,0,0,0,0,0,0,1,0,0,-1,0
Rrbp1,1605,1,-1,0,0,-1,0,0,0,0,0,0,0,0,0,0,0,0,0,0,0,0,0,0,0,0,0,0,0,0,0
S100a9,89,1,0,0,-1,0,-1,1,0,0,0,0,0,0,-1,0,0,0,0,0,0,0,0,0,0,0,0,0,0,0,0
Samd9l,367,1,1,0,0,0,0,0,-1,0,1,1,0,0,0,0,0,0,0,0,0,-1,0,0,0,0,0,0,0,0,0
Samsn1,220,1,0,0,0,0,0,-1,-1,0,0,1,0,0,-1,0,0,0,0,0,0,0,0,0,0,0,0,0,0,0,0
Saraf,613,1,0,-1,1,1,1,0,0,0,0,0,0,0,0,0,1,0,0,0,0,0,0,-1,0,0,0,0,0,-1,1
Scyl2,930,1,-1,0,0,0,0,1,0,1,0,0,0,0,1,0,0,0,-1,0,0,0,0,0,0,0,0,0,0,0,1
Sbds,327,1,0,0,0,-1,0,0,0,0,1,0,0,0,1,-1,0,0,0,0,0,1,0,0,0,0,0,0,0,0,1
Sart1,806,1,0,0,0,1,1,0,1,0,-1,1,-1,0,0,0,0,0,0,0,0,0,0,0,0,0,0,-1,0,0,0
Sash1,105,1,0,0,0,0,0,0,0,0,1,0,0,1,0,0,1,0,0,-1,-1,0,-1,-1,0,0,1,0,0,0,-1
Scfd1,639,1,0,0,0,1,0,0,0,0,0,0,0,1,-1,1,0,0,0,0,0,1,1,0,0,0,0,0,0,0,0
Senp1,893,1,0,0,1,0,0,0,-1,-1,0,0,0,0,0,-1,1,0,0,0,0,-1,1,0,1,0,1,0,-1,0,0
Serpina3f,445,1,0,0,0,0,0,0,0,0,0,0,0,-1,0,0,0,0,1,0,0,0,0,1,-1,0,0,-1,0,0,0
Sec31a,1230,1,1,0,1,-1,0,-1,1,0,0,0,0,0,0,0,0,0,0,0,0,0,0,0,0,0,0,0,0,0,0
Serf1,62,1,0,1,0,0,0,1,-1,0,0,1,0,1,0,0,1,1,0,0,-1,0,0,1,0,1,1,1,-1,-1,0
Serpinb1a,379,1,-1,0,0,0,0,0,0,0,0,0,0,0,-1,0,0,0,0,0,0,-1,0,0,0,0,0,0,0,0,0
Serpinb2,415,1,-1,-1,0,0,0,0,0,0,0,0,0,0,0,0,0,1,0,0,-1,1,0,0,0,0,0,0,0,0,0
Serpinb9b,377,1,0,0,0,0,-1,0,0,0,0,0,0,0,0,0,0,1,0,0,0,0,0,0,0,0,1,0,0,0,0
Serpina3g,248,1,0,0,0,0,0,0,0,0,1,0,1,0,1,0,0,0,-1,0,0,-1,0,0,1,0,-1,0,0,0,-1
Sfpq,290,1,-1,0,0,-1,-1,-1,-1,0,0,0,-1,1,0,0,0,1,0,0,0,0,0,1,-1,1,-1,0,0,0,1
Sh3bp4,962,1,0,0,0,1,0,1,0,0,0,0,0,0,0,0,1,0,1,0,-1,0,0,0,0,-1,0,0,-1,0,0
Sh3bp2,559,1,0,0,-1,-1,0,0,0,0,0,0,0,1,0,0,0,0,0,0,0,0,0,0,0,0,0,0,0,1,0
Sf3b2,877,1,0,0,-1,0,0,-1,0,0,1,0,-1,0,0,0,0,0,0,0,0,0,0,0,0,0,0,0,0,0,0
Slamf7,132,1,-1,0,0,0,0,0,0,0,0,0,1,1,-1,0,-1,0,0,0,0,1,0,0,0,-1,0,0,0,0,0
Sh3pxd2b,908,1,0,0,1,1,0,0,0,-1,0,1,0,0,-1,0,0,1,1,1,0,0,0,1,0,0,0,0,0,0,1
Slc16a3,470,1,0,0,0,0,0,-1,-1,0,0,0,0,0,1,0,0,-1,0,0,0,0,0,0,0,0,0,0,0,0,0
Slc15a3,578,1,0,0,0,1,0,-1,-1,0,0,0,1,0,0,-1,1,0,0,0,0,0,1,0,0,1,0,0,1,1,0
Slamf1,132,1,-1,0,0,0,0,0,0,0,0,0,1,1,-1,0,-1,0,0,0,0,1,0,0,0,-1,0,0,0,0,0
Slc30a1,833,1,1,0,0,0,0,0,1,0,0,0,0,0,0,0,0,0,0,0,0,0,0,0,0,0,0,-1,-1,0,-1
Siglec12,467,1,0,0,0,0,0,0,0,0,0,0,0,0,1,0,0,-1,0,0,0,0,0,-1,0,0,0,0,0,0,-1
Slc28a2,660,1,-1,1,0,1,0,1,1,0,0,0,0,0,0,0,-1,0,0,0,-1,0,0,0,0,-1,0,0,-1,0,0
Slc66a2,271,1,-1,0,-1,0,0,0,0,0,0,0,0,0,0,0,0,0,0,0,0,0,0,0,0,0,0,0,0,0,0
Slc2a1,63,1,-1,0,1,0,0,0,0,0,0,0,0,0,0,0,0,0,0,0,0,0,0,0,0,0,0,0,0,0,1
Slc31a2,143,1,0,0,0,0,0,0,0,-1,-1,0,0,0,0,0,-1,0,0,1,0,0,0,0,0,0,0,0,0,0,0
Slc49a4,478,1,0,0,0,0,0,0,-1,-1,-1,-1,1,0,0,0,0,0,0,0,0,0,0,0,0,0,0,0,1,1,0
Slc7a2,657,1,0,0,0,1,0,0,0,0,0,0,1,0,0,0,1,1,1,0,0,0,0,-1,0,0,-1,-1,0,1,0
Slco3a1,710,1,0,0,1,1,0,0,0,0,0,0,0,0,1,0,0,-1,0,0,0,-1,-1,0,0,1,0,1,1,1,1
Slc45a4,553,1,0,0,1,0,0,0,0,1,0,0,1,0,1,1,0,0,0,0,0,0,0,0,0,0,0,0,0,-1,0
Smap,181,1,0,0,0,1,-1,0,0,0,0,0,0,1,1,0,0,0,0,-1,-1,-1,0,0,0,0,0,0,-1,0,0
Smg9,517,1,0,-1,0,0,0,0,0,0,0,0,0,0,0,-1,1,1,1,1,0,1,-1,0,0,0,0,0,0,0,0
Slfn8,910,1,-1,0,0,0,0,0,0,0,1,0,0,0,0,-1,0,0,0,0,0,0,-1,0,0,0,0,-1,-1,-1,1
Slc9a3r1,758,1,0,0,0,-1,0,0,-1,0,0,0,0,0,0,0,0,0,0,0,0,0,0,-1,0,-1,0,0,1,1,-1
Smpdl3b,445,1,0,0,0,0,0,0,0,0,0,0,0,0,0,0,0,0,0,0,0,0,0,0,0,0,0,0,0,-1,1
Snw1,536,1,0,0,0,0,0,0,0,0,0,0,0,0,0,0,-1,0,0,-1,0,-1,-1,1,0,1,0,0,1,0,0
Snx10,201,1,0,0,-1,0,0,1,-1,-1,0,0,0,0,0,0,1,-1,0,1,0,0,1,-1,-1,0,0,0,0,0,0
Smarca4,1601,1,0,0,0,0,-1,0,0,0,0,0,0,0,0,0,0,0,0,0,0,0,0,0,0,0,0,0,0,0,0
Smcr8,935,1,0,0,0,0,-1,0,0,0,0,0,1,-1,-1,-1,0,-1,-1,-1,0,0,0,-1,0,0,0,0,-1,-1,0
Snap23,1152,1,1,1,0,0,0,1,1,0,0,-1,0,0,0,0,0,0,0,0,0,0,0,0,0,0,0,0,0,0,0
Sowahc,512,1,-1,0,0,0,-1,0,0,0,-1,0,0,0,1,0,0,0,-1,1,0,0,1,0,0,0,0,-1,0,0,0
Sp100,482,1,-1,0,0,-1,0,0,0,1,0,0,0,-1,0,-1,0,0,-1,0,0,0,0,-1,0,0,0,1,0,0,1
Socs3,783,1,0,0,0,-1,1,0,0,1,0,-1,-1,0,0,0,0,-1,0,-1,0,0,0,0,0,0,0,0,0,-1,0
Specc1l,1118,1,1,1,0,0,1,0,0,0,0,0,0,1,0,0,0,0,0,1,0,0,0,0,-1,1,0,1,0,-1,0
Sp140,445,1,0,0,0,0,1,0,0,-1,1,0,0,0,0,0,0,0,0,0,1,0,0,0,0,0,0,0,0,1,0
Sra1,220,1,0,-1,0,0,0,1,0,0,0,1,-1,1,0,0,0,-1,0,0,0,0,0,0,0,0,0,0,0,0,0
Srrm2,2703,1,0,0,0,0,0,0,0,0,0,1,0,0,0,0,0,0,0,0,0,1,0,0,0,0,0,1,0,1,1
Sphk2,617,1,0,0,0,0,0,0,0,0,0,0,0,0,0,0,0,0,0,-1,0,0,0,0,0,0,0,0,0,1,0
Stard3,235,1,0,0,0,0,-1,0,0,-1,0,0,0,0,0,0,0,0,0,0,0,0,0,1,-1,0,0,0,0,0,0
St3gal5,287,1,0,0,0,0,-1,-1,1,0,0,0,0,0,-1,0,0,0,0,1,0,0,0,0,0,-1,0,-1,0,1,0
Sqstm1,656,1,0,0,-1,0,0,0,-1,0,0,1,0,0,0,0,-1,0,0,-1,1,0,-1,0,-1,0,0,0,0,0,1
St3gal1,337,1,1,1,1,0,0,1,0,0,0,0,0,0,0,0,0,0,0,0,0,0,0,0,0,0,0,0,0,0,0
Spen,1192,1,0,0,0,0,0,0,0,0,0,0,0,0,0,0,0,0,0,0,0,0,0,0,1,1,0,1,0,-1,0
Stk19,254,1,0,1,1,1,1,0,0,0,0,-1,0,0,0,0,1,1,1,1,0,0,0,0,0,1,0,-1,0,0,1
Stx12,274,1,0,0,0,0,0,-1,0,0,1,0,0,0,0,0,0,0,0,0,1,-1,0,0,0,0,0,0,0,0,0
Stat1,191,1,0,1,1,0,1,1,0,0,-1,0,0,0,0,-1,-1,-1,-1,-1,0,0,0,-1,1,0,0,-1,1,1,0
Surf4,415,1,0,0,0,-1,1,-1,0,0,0,0,-1,0,0,0,0,0,0,0,-1,0,0,0,-1,0,0,0,0,0,0
Stxbp3,592,1,0,0,0,0,0,-1,1,0,0,1,0,0,0,0,1,1,0,1,0,0,0,0,-1,-1,0,1,1,-1,0
Stxbp1,594,1,0,0,0,0,0,1,0,0,0,0,-1,1,0,0,0,-1,0,0,1,1,0,1,1,1,0,-1,0,1,0
Syk,618,1,0,-1,0,0,0,0,0,0,0,0,0,0,0,0,0,1,0,-1,0,-1,-1,0,0,1,0,0,0,0,0
Susd6,302,1,0,0,0,1,0,0,0,1,0,0,0,-1,0,0,0,0,0,0,0,0,0,0,0,0,0,0,0,0,0
Tap2,762,1,1,0,0,1,0,0,0,0,0,0,0,0,0,0,0,-1,0,0,0,0,0,0,0,0,0,0,0,0,0
Stx7,232,1,0,0,0,0,0,0,0,-1,0,0,-1,1,0,0,-1,0,0,1,0,0,0,-1,-1,0,0,0,0,0,-1
Tarm1,288,1,0,0,1,0,0,0,0,0,0,0,1,0,0,0,0,0,0,-1,0,0,-1,0,0,0,0,0,1,0,0
Tax1bp1,656,1,0,0,-1,0,0,0,-1,0,0,1,0,0,0,0,-1,0,0,-1,1,0,-1,0,-1,0,0,0,0,0,1
Szrd1,152,1,-1,-1,-1,-1,0,0,-1,0,0,-1,-1,0,0,-1,0,0,-1,0,-1,1,1,0,-1,1,1,0,1,0,0
Tapbp,341,1,0,0,0,0,0,0,0,0,0,0,0,0,1,1,0,0,0,1,0,0,0,0,1,0,0,1,0,0,0
Synj1,486,1,0,0,0,0,-1,-1,0,0,0,0,-1,0,0,0,-1,0,0,0,-1,0,0,0,0,1,1,0,0,1,1
Tapbpl,451,1,0,0,-1,0,0,0,0,0,0,0,0,0,0,0,0,0,0,0,0,0,-1,0,0,0,0,0,0,0,0
Tdrd7,1941,1,0,0,0,0,0,0,0,0,0,0,0,0,0,0,0,1,0,0,0,0,-1,0,0,0,-1,0,0,0,0
Tgfbi,683,1,0,0,0,0,1,0,0,0,0,0,0,0,0,0,0,0,0,0,0,0,0,0,0,0,0,1,0,0,0
Tent5a,428,1,0,-1,0,-1,0,0,0,0,0,0,-1,-1,-1,0,0,0,0,0,0,0,0,0,0,0,-1,0,0,0,0
Tbc1d13,200,1,0,1,1,0,0,-1,0,0,0,1,0,0,0,0,0,-1,0,0,0,0,1,0,0,0,0,0,1,0,0
Tfg,462,1,0,0,0,0,0,0,0,0,0,1,0,0,0,0,0,1,0,-1,0,1,0,-1,0,0,0,0,0,0,-1
Tgtp1,415,1,0,0,0,0,0,0,-1,0,0,0,1,0,0,1,1,-1,0,1,0,0,0,-1,0,-1,0,0,0,0,0
Tle3,613,1,0,-1,1,1,1,0,0,0,0,0,0,0,0,0,1,0,0,0,0,0,0,-1,0,0,0,0,0,-1,1
Tgtp2,415,1,0,0,0,0,0,0,-1,0,0,0,1,0,0,1,1,-1,0,1,0,0,0,-1,0,-1,0,0,0,0,0
Tma16,221,1,0,1,0,0,1,0,1,0,0,0,1,-1,1,1,0,0,0,0,0,0,1,1,0,0,0,0,0,1,-1
Tmem128,163,1,-1,0,0,0,0,1,-1,0,0,1,1,1,0,0,0,0,0,-1,0,-1,0,-1,0,-1,-1,-1,0,1,0
Tlr9,662,1,0,0,0,0,0,1,0,-1,0,0,-1,0,0,0,0,1,0,-1,0,0,0,-1,0,0,0,0,0,0,0
Tgm2,136,1,0,1,0,1,0,0,0,1,1,0,0,0,0,1,0,0,1,1,0,0,0,0,1,0,0,1,1,0,0
Tlr2,784,1,0,1,0,0,0,0,0,0,0,0,0,0,0,0,0,0,0,0,1,1,0,0,0,0,-1,0,0,0,0
Tmod3,1271,1,-1,0,0,0,0,0,0,0,0,1,0,0,-1,0,0,0,0,-1,0,1,0,0,0,0,0,-1,0,0,1
Tmed8,326,1,0,-1,1,0,0,0,-1,0,0,0,0,0,0,0,0,0,1,1,0,0,0,0,0,0,0,-1,1,1,0
Tmem268,342,1,0,0,-1,0,0,0,-1,0,0,0,0,0,0,0,0,0,0,0,0,0,0,0,0,0,0,0,0,0,0
Tnfaip2,691,1,0,1,0,0,0,0,0,0,0,0,0,0,0,0,0,0,0,0,0,0,0,0,0,0,0,0,0,1,0
Tmsb10,44,1,0,-1,1,0,-1,0,0,-1,0,0,0,0,-1,1,0,1,0,1,1,0,-1,0,0,-1,1,0,0,0,0
Tnfrsf14,275,1,-1,0,0,0,0,0,0,0,0,0,0,0,0,0,0,0,-1,0,0,0,1,0,0,0,0,0,0,0,0
Tnfaip8,186,1,-1,0,0,0,0,1,0,0,0,0,0,0,0,1,1,0,0,0,1,0,0,0,1,0,0,0,0,0,0
Tnip3,279,1,0,0,1,1,0,0,0,0,-1,1,0,-1,-1,0,0,0,0,0,0,0,0,0,-1,-1,0,-1,1,0,-1
Tnip1,775,1,0,-1,0,0,0,0,0,0,0,0,0,0,0,0,1,1,0,0,1,0,1,-1,1,0,0,-1,-1,0,0
Tnfrsf1b,474,1,0,0,0,0,0,0,0,0,0,0,0,-1,0,0,0,0,0,0,0,0,0,0,0,0,0,0,0,0,0
Tra2a,248,1,0,0,0,0,0,0,1,0,0,0,0,0,0,-1,0,1,0,0,0,0,0,0,0,0,-1,0,1,0,1
Trafd1,732,1,-1,0,0,0,0,0,0,1,0,0,0,0,0,0,0,0,0,-1,1,-1,1,0,0,0,0,1,0,1,0
Trim14,314,1,0,0,0,0,0,0,0,0,-1,0,0,0,-1,0,0,1,-1,0,0,1,1,-1,1,0,0,-1,-1,1,0
Trim12a,284,1,0,0,0,0,0,1,0,0,1,-1,-1,0,0,0,0,0,0,0,0,0,0,0,1,0,0,0,0,-1,0
Trim30a,496,1,0,0,0,0,0,-1,0,0,1,-1,-1,0,0,0,0,0,0,0,-1,0,0,1,-1,0,0,0,0,-1,0
Tpm1,284,1,-1,0,0,1,1,1,0,0,0,0,1,0,-1,1,-1,0,0,0,-1,1,0,-1,0,0,-1,0,-1,1,1
Trim21,531,1,0,1,0,0,0,-1,0,0,0,0,0,0,0,0,0,0,0,0,0,0,0,0,-1,0,0,0,-1,0,0
Trir,173,1,0,0,1,0,1,1,0,-1,0,0,0,1,-1,0,0,0,0,0,0,0,0,1,0,1,0,0,-1,0,0
Tspo,284,1,0,0,0,0,0,1,0,0,0,0,0,0,0,1,0,0,1,0,0,1,0,0,1,0,0,0,0,0,0
Ttc9c,171,1,-1,1,1,0,0,-1,0,0,0,0,1,-1,-1,0,0,0,1,0,1,-1,0,1,0,1,-1,0,0,0,1
Trmt1l,728,1,-1,0,0,0,-1,-1,-1,0,0,0,0,-1,1,-1,-1,0,0,0,1,0,0,0,0,0,0,-1,0,0,0
Tut7,1644,1,-1,-1,0,1,0,0,1,0,-1,0,0,-1,0,1,1,0,0,0,0,-1,-1,0,1,0,0,1,0,0,0
Ubap2l,1098,1,0,0,0,0,0,0,0,1,0,1,0,0,0,-1,0,0,0,0,0,0,0,0,0,0,1,0,1,0,0
Txnrd1,613,1,0,0,-1,-1,0,0,0,0,0,0,0,0,1,0,1,0,0,0,0,0,0,0,0,0,0,0,0,0,0
Ubap1,565,1,0,0,0,1,-1,0,0,0,0,0,0,0,0,0,0,0,0,0,0,-1,0,0,0,0,0,1,0,1,0
Ube2j1,278,1,-1,0,1,0,0,0,1,0,0,0,0,1,1,0,0,1,-1,0,0,-1,0,1,-1,0,0,-1,0,0,0
Ube2h,113,1,0,1,0,0,0,0,0,0,-1,-1,0,0,0,0,0,0,0,-1,0,0,0,0,0,0,0,0,0,0,-1
Ube2z,356,1,0,-1,0,0,0,-1,-1,0,0,0,0,0,0,0,0,0,0,0,0,0,0,0,0,0,0,0,0,0,0
Ube2f,403,1,0,0,0,0,1,-1,0,0,0,1,0,1,1,1,0,0,-1,-1,0,0,-1,0,-1,0,0,0,0,0,0
Ubash3b,618,1,0,-1,0,0,0,0,0,0,0,0,0,0,0,0,0,1,0,-1,0,-1,-1,0,0,1,0,0,0,0,0
Usp18,923,1,0,0,0,-1,0,0,0,0,0,-1,0,0,0,0,-1,0,0,0,0,0,0,0,0,0,0,0,0,0,-1
Ublcp1,908,1,-1,-1,0,0,1,-1,1,0,0,0,0,0,0,0,0,0,0,0,0,0,0,0,0,-1,-1,1,0,0,0
Use1,356,1,0,-1,0,0,0,-1,-1,0,0,0,0,0,0,0,0,0,0,0,0,0,0,0,0,0,0,0,0,0,0
Vamp2,206,1,0,-1,-1,0,-1,0,1,0,-1,0,-1,-1,0,0,1,1,0,-1,0,0,0,-1,-1,0,0,-1,0,0,1
Usb1,267,1,0,0,0,0,0,0,0,0,0,0,0,0,0,-1,-1,-1,0,-1,0,0,0,0,0,1,0,1,0,0,0
Vcpip1,1220,1,0,0,0,0,0,0,0,0,0,0,0,0,0,0,0,0,-1,0,0,0,0,0,0,0,0,0,0,0,0
Vamp3,245,1,0,0,0,0,0,0,0,0,0,0,0,0,0,-1,0,0,0,0,0,0,0,0,0,0,0,0,0,0,1
Usp32,1604,1,0,0,1,-1,0,1,0,0,0,0,0,0,-1,-1,0,0,1,1,0,0,-1,0,-1,0,1,1,0,1,-1
Wac,415,1,0,0,0,0,-1,0,0,-1,0,0,0,0,1,0,1,0,0,0,0,0,0,0,0,-1,-1,0,0,0,0
Vamp8,210,1,-1,0,0,0,0,-1,-1,0,0,0,1,0,0,0,0,0,-1,-1,0,0,-1,0,0,1,1,0,0,0,0
Vasp,2062,1,-1,0,0,0,0,-1,0,0,1,0,0,0,1,-1,0,0,0,0,0,0,0,0,0,0,0,0,0,-1,0
Wbp11,641,1,0,1,1,0,0,0,0,0,1,0,0,1,0,0,0,0,0,-1,0,0,1,1,-1,0,1,1,1,-1,0
Vezf1,275,1,0,0,0,0,-1,0,0,0,0,0,0,0,0,0,0,0,-1,0,0,0,-1,0,0,0,1,0,0,1,1
Washc2,1334,1,0,1,0,0,0,-1,0,-1,1,0,0,0,0,-1,0,0,0,-1,1,0,0,0,0,-1,-1,0,1,1,0
Wars1,310,1,-1,0,0,0,0,0,0,0,0,0,0,0,0,0,0,0,0,0,0,-1,0,0,1,0,1,0,0,0,-1
Vrk2,381,1,0,0,0,-1,-1,0,0,0,-1,0,0,0,-1,0,0,0,0,0,-1,0,0,0,0,0,0,1,0,0,0
Wipf1,436,1,0,0,0,0,0,1,0,0,0,0,0,0,-1,0,0,0,1,0,0,0,-1,1,0,0,0,-1,0,0,0
Ybx1,317,1,0,1,1,0,1,1,0,0,0,-1,-1,0,-1,-1,0,1,0,-1,0,-1,0,1,1,0,1,0,0,0,1
Yju2,314,1,0,-1,1,1,0,0,0,1,0,0,0,0,-1,0,-1,0,0,1,0,0,1,0,1,0,0,1,-1,1,0
Ypel5,119,1,0,1,0,0,1,0,1,0,0,0,0,0,0,0,0,0,0,1,0,0,0,0,0,0,0,1,0,0,0
Xaf1,273,1,-1,0,-1,0,0,0,0,1,0,0,1,1,0,0,0,0,0,0,0,0,0,0,-1,0,0,0,0,1,0
Zc3hav1,926,1,0,0,-1,0,1,0,0,0,0,0,0,1,-1,0,0,1,1,0,0,-1,0,0,0,0,0,0,0,0,0
Ythdf1,589,1,0,0,0,-1,0,0,0,0,0,1,0,0,-1,-1,0,0,-1,-1,0,0,0,0,0,0,0,0,0,0,0
Zfand2b,257,1,-1,0,0,-1,0,0,0,0,0,0,-1,0,0,0,0,1,0,-1,0,0,0,0,1,0,-1,0,0,0,0
Znf22,237,1,1,0,0,1,0,1,0,0,0,0,1,0,0,0,0,0,1,0,0,-1,0,1,1,1,0,0,1,0,1
Zfp36,1291,1,0,0,-1,0,0,0,0,0,0,0,0,-1,0,0,1,0,0,0,0,0,0,0,0,0,0,0,0,0,0
Zbp1,472,1,0,0,-1,1,0,0,0,0,0,0,0,0,0,0,0,0,0,0,0,0,0,0,0,0,0,0,0,0,0
Zbtb7a,569,1,0,0,0,0,-1,0,0,0,0,0,0,0,0,-1,0,0,0,-1,0,0,0,0,0,0,-1,0,1,0,0
Znrf2,238,1,0,0,1,0,0,0,0,0,0,0,0,1,0,1,0,0,0,0,0,-1,0,0,0,0,0,0,0,0,0
Zyx,1087,1,0,0,0,-1,0,0,0,0,0,0,0,0,0,0,0,0,0,0,1,0,0,0,0,1,-1,-1,0,0,0
Znfx1,1909,1,-1,-1,1,1,0,0,0,-1,0,1,0,1,0,0,0,0,0,0,1,0,0,0,-1,0,-1,0,0,0,1
