Gene,SeqLength,R1,R2,R3,R4,R5,R6,R7,R8,R9,R10,R11,R12,R13,R14,R15,R16,R17,R18,R19,R20,R21,R22,R23,R24,R25,R26,R27,R28,R29,R30
Adnp,1402,1,0,0,0,0,0,0,0,0,0,0,0,1,1,0,-1,0,0,0,0,0,1,-1,0,-1,0,0,0,0,0
Aff4,395,1,-1,0,0,0,-1,0,0,0,0,1,0,1,0,0,0,0,0,0,0,1,0,0,0,0,0,0,1,0,0
Arhgdib,193,1,0,0,0,1,1,1,0,0,0,0,0,-1,0,0,0,0,1,0,0,0,0,0,0,0,0,1,-1,0,0
Arid3a,998,1,0,0,0,0,0,0,0,0,0,0,-1,-1,-1,-1,0,0,-1,0,1,0,0,0,0,0,0,0,0,0,0
Atp13a2,1169,1,0,0,-1,0,0,0,0,0,0,0,0,0,0,0,0,0,0,0,0,0,0,0,0,0,-1,0,0,0,0
Bax,195,1,0,0,0,1,-1,0,0,0,-1,0,0,0,0,1,0,0,0,1,0,0,0,0,0,0,0,0,-1,0,-1
Atf3,462,1,0,1,0,0,1,0,0,1,0,0,0,0,1,0,-1,0,0,0,1,0,-1,0,0,0,0,0,0,0,0
Baz1a,1555,1,0,0,0,0,1,1,0,0,0,1,0,1,0,0,0,-1,0,1,0,-1,-1,-1,0,0,0,0,1,0,0
Batf2,277,1,0,0,0,0,0,0,-1,0,0,0,-1,0,-1,0,0,-1,0,0,1,0,0,1,1,1,0,1,0,1,0
Akt3,479,1,0,-1,0,0,0,0,1,-1,0,0,0,0,1,1,0,-1,0,0,1,0,0,1,0,1,0,0,0,0,1
Casp3,192,1,0,0,0,0,-1,-1,0,0,0,0,0,1,-1,0,0,0,0,-1,0,0,0,0,0,0,0,-1,-1,0,0
Carmil1,1374,1,0,-1,-1,0,0,-1,0,0,1,-1,0,0,-1,0,0,1,-1,0,0,0,1,1,0,1,0,0,0,1,1
Brd9,596,1,0,1,1,0,1,1,0,1,0,-1,0,1,0,0,0,-1,-1,0,0,-1,0,0,0,-1,1,0,0,1,0
Casp8,656,1,0,0,-1,0,0,0,-1,0,0,1,0,0,0,0,-1,0,0,-1,1,0,-1,0,-1,0,0,0,0,0,1
Bst1,479,1,0,0,0,0,0,0,0,0,0,0,0,0,0,0,0,0,-1,-1,0,-1,0,0,0,0,0,0,-1,0,-1
Braf,804,1,0,0,0,0,0,0,0,0,0,0,0,0,0,0,0,0,0,0,0,0,0,0,0,0,-1,0,0,0,0
Ccr1,359,1,0,-1,0,1,0,-1,1,0,0,0,-1,-1,0,0,0,0,-1,0,-1,0,0,0,0,0,0,0,0,0,0
Carhsp1,223,1,-1,-1,0,1,0,-1,0,0,0,0,0,0,0,1,-1,-1,0,-1,-1,0,0,0,0,0,1,1,-1,0,0
Cd200,204,1,0,0,0,0,1,0,0,0,0,0,0,0,0,0,0,1,-1,1,0,0,0,0,-1,0,0,0,0,0,0
Casp4,487,1,0,0,0,0,-1,1,0,0,1,0,0,0,1,-1,0,0,0,0,1,0,-1,0,0,0,0,-1,0,0,1
Cd40,424,1,0,0,0,0,0,0,0,0,0,0,0,0,-1,0,0,0,0,0,0,0,0,0,0,0,0,0,-1,0,0
Cdc42ep4,205,1,0,0,0,0,0,0,0,0,0,1,0,0,0,0,0,-1,0,0,0,0,1,0,0,0,0,0,0,0,0
Ccnk,554,1,1,-1,0,1,-1,0,0,0,0,0,0,0,0,0,0,0,-1,0,0,1,0,0,0,0,0,-1,1,1,-1
Cd274,290,1,1,0,0,0,0,0,0,0,0,0,0,0,0,0,0,1,0,0,0,0,0,0,0,1,-1,0,0,0,0
Cd74,523,1,0,0,0,0,0,0,0,0,0,0,0,0,0,0,0,0,0,0,0,0,0,0,0,0,0,-1,0,0,0
Cnp,1022,1,0,0,0,0,0,0,0,0,0,0,0,0,0,0,0,0,1,0,0,0,0,1,0,0,0,0,0,0,0
Cd38,365,1,1,0,0,0,0,0,0,0,0,0,0,0,0,0,-1,0,0,0,0,0,0,0,0,0,0,0,0,0,0
Cdc42ep2,214,1,0,0,1,0,0,0,0,0,1,1,0,0,1,1,0,1,1,-1,1,0,1,-1,0,0,0,0,-1,0,0
Cggbp1,167,1,-1,1,0,0,0,0,0,0,0,0,1,0,1,0,1,0,0,0,0,0,0,0,0,-1,1,0,0,-1,0
Crk,182,1,0,0,0,0,0,0,0,0,0,0,0,0,0,0,0,0,0,0,0,0,0,-1,0,0,1,0,0,0,0
Ctsh,155,1,0,0,0,0,0,0,0,0,0,0,0,0,0,0,0,0,0,0,0,0,0,0,0,0,0,0,-1,0,0
Dbnl,1730,1,-1,0,0,0,0,0,0,0,0,0,1,0,0,0,0,-1,0,0,0,0,1,0,0,1,0,-1,0,0,0
Dtx3l,748,1,0,0,0,0,-1,0,0,0,0,0,0,0,1,0,1,-1,0,0,0,1,0,0,1,1,0,-1,0,0,0
Elf1,83,1,0,1,1,1,0,1,1,1,0,0,0,1,1,1,0,0,0,0,0,-1,0,0,0,0,0,0,0,0,0
Dhx58,678,1,-1,0,1,0,0,0,0,-1,0,0,0,0,0,0,-1,0,1,0,0,0,0,0,0,0,0,0,0,0,1
Eif2ak2,515,1,0,0,-1,0,0,0,0,0,0,-1,1,0,0,1,0,1,0,0,0,0,0,0,0,0,0,1,-1,0,0
Dlg4,699,1,-1,0,0,0,0,0,0,0,1,0,0,0,0,0,0,0,0,0,0,-1,0,0,-1,0,0,0,0,0,0
Evl,564,1,0,0,0,1,0,0,0,0,0,0,0,0,0,0,0,0,0,0,0,0,0,0,1,1,0,0,0,0,0
Fam162a,155,1,0,0,0,0,0,0,1,0,0,0,0,0,0,0,1,0,0,-1,1,0,0,0,0,0,0,1,0,0,1
Dus2,493,1,0,0,0,0,0,0,0,0,0,0,0,1,0,0,0,0,0,0,0,1,0,0,0,0,0,0,1,0,0
Emb,625,1,0,0,0,0,0,0,-1,-1,0,0,0,1,1,0,0,0,1,1,1,0,0,0,0,0,0,1,0,1,0
Fcgr4,249,1,0,0,0,0,0,0,0,0,0,0,0,0,0,0,0,0,0,0,0,0,0,0,1,0,0,0,0,0,-1
Ezr,829,1,0,0,1,0,0,0,0,0,0,1,0,0,0,0,0,0,0,0,0,0,0,0,0,1,0,0,-1,-1,-1
Fpr2,351,1,-1,0,0,0,0,0,0,0,0,0,0,-1,0,0,0,0,-1,0,0,0,0,1,0,0,0,0,0,0,0
Gatad2b,594,1,-1,1,0,0,-1,-1,0,0,1,0,0,0,0,1,1,0,0,-1,0,0,-1,-1,1,-1,-1,0,0,0,1
Ensa,112,1,0,0,-1,0,0,-1,0,0,0,0,-1,-1,0,1,-1,0,-1,-1,1,0,0,0,0,-1,1,0,-1,-1,0
Gpr84,396,1,0,0,0,0,-1,0,0,0,0,0,0,0,-1,0,0,0,0,0,1,0,0,0,0,0,0,0,0,0,0
Gatad2a,629,1,0,-1,-1,0,0,1,0,1,0,0,1,1,0,0,-1,0,-1,0,0,-1,-1,-1,0,-1,0,1,1,0,1
Gmfg,142,1,0,-1,0,0,0,0,0,-1,0,-1,0,-1,0,1,-1,0,0,1,1,0,1,0,1,1,-1,0,0,0,0
H2-K1,374,1,0,0,0,0,0,0,0,0,0,0,0,0,0,0,0,0,0,0,1,0,0,0,0,0,0,1,0,0,0
Gclm,274,1,0,0,-1,0,1,0,0,0,0,0,0,0,1,0,0,0,0,0,0,0,0,0,0,0,0,0,0,0,1
H2-Q7,334,1,0,0,0,0,0,0,0,0,0,0,0,0,0,0,0,0,-1,0,1,0,0,0,0,0,0,0,0,0,0
Hcls1,486,1,0,1,0,0,0,0,0,-1,0,0,0,0,0,-1,0,0,0,-1,-1,0,-1,0,-1,0,-1,0,0,0,-1
H2-T24,363,1,0,0,0,0,0,0,0,0,0,0,0,0,-1,0,0,0,1,0,0,0,0,0,0,0,0,0,0,0,0
H2-T23,357,1,0,0,0,0,0,0,0,0,0,0,0,0,0,0,0,0,0,0,0,0,0,0,0,0,1,0,0,0,0
Hspa1a,218,1,-1,0,-1,0,0,-1,0,-1,0,0,0,0,0,0,0,-1,0,1,0,1,-1,0,1,0,0,0,0,0,0
Hck,786,1,0,0,0,0,0,0,0,0,0,0,0,-1,0,0,0,0,0,0,0,0,0,0,0,0,0,0,0,-1,0
Hnrnph3,177,1,1,-1,0,1,0,0,0,0,0,0,0,0,0,0,0,-1,0,0,0,0,0,0,0,0,0,0,0,0,0
Ifi203,408,1,0,-1,0,1,0,0,0,0,0,1,0,0,-1,0,0,-1,-1,0,0,0,1,0,0,1,0,0,0,1,1
Ikzf1,559,1,-1,0,0,0,0,0,0,0,0,0,1,0,-1,0,1,-1,0,1,-1,0,0,1,0,0,-1,0,-1,-1,0
Il1rn,178,1,-1,0,0,0,0,0,0,0,0,0,0,0,0,0,0,0,0,0,0,0,0,-1,0,0,0,1,0,0,0
Ifih1,1025,1,0,0,0,0,0,0,-1,-1,0,0,1,0,0,0,0,0,0,1,0,1,0,1,0,0,0,0,0,-1,0
Il1a,270,1,0,1,0,0,-1,0,0,-1,-1,0,1,0,0,0,0,-1,0,-1,-1,0,0,0,0,0,-1,0,0,0,0
Ifitm2,481,1,0,0,0,-1,0,0,0,0,0,0,0,0,0,0,0,0,0,0,0,0,0,-1,0,0,1,0,0,0,0
Il1b,269,1,0,0,0,0,-1,0,0,0,-1,0,0,0,0,-1,0,-1,-1,0,-1,0,0,0,-1,0,-1,0,0,0,1
Itga5,1053,1,0,0,0,0,0,1,0,0,1,0,0,0,0,0,0,0,0,1,0,0,0,1,1,0,0,0,0,0,0
Itgb7,806,1,0,-1,0,0,0,0,0,0,0,0,0,0,0,0,0,0,0,0,-1,0,-1,0,1,0,0,0,0,0,-1
Jak2,1068,1,0,0,1,0,0,0,0,-1,0,0,0,0,0,0,0,0,0,1,0,0,0,-1,0,0,0,0,0,0,0
Jund,125,1,0,0,0,0,-1,0,0,-1,0,0,0,0,1,0,0,0,0,0,1,0,-1,0,0,-1,-1,0,1,1,0
Kctd12,327,1,0,0,0,-1,0,0,1,0,0,0,0,0,0,0,0,0,0,0,0,0,0,0,0,0,0,0,-1,0,0
Irf9,417,1,0,-1,0,0,0,0,0,1,0,1,0,0,1,0,0,0,1,0,0,0,0,1,0,1,0,0,1,1,0
Larp1,1072,1,0,0,0,0,-1,0,0,0,0,0,0,0,0,0,0,0,0,-1,-1,0,0,0,0,1,1,1,0,0,0
Lilrb3,844,1,0,0,0,0,0,0,0,0,1,0,0,0,0,0,0,0,0,0,0,0,0,0,0,0,0,0,1,0,0
Lrch1,709,1,0,0,0,0,0,-1,0,0,0,0,0,0,0,0,0,0,0,0,0,0,0,0,0,0,0,0,0,0,0
Khdrbs1,569,1,0,0,0,0,-1,0,0,0,0,0,0,0,0,-1,0,0,0,-1,0,0,0,0,0,0,-1,0,1,0,0
Lcp2,665,1,0,0,0,0,0,0,0,0,0,0,0,0,0,0,0,0,0,0,0,0,0,0,0,0,0,0,1,0,0
Lztfl1,186,1,0,1,0,0,0,1,0,0,0,0,0,-1,0,0,0,0,1,0,0,0,0,0,0,0,1,0,-1,0,0
Kdm4a,327,1,0,0,0,0,-1,1,0,1,0,0,0,0,0,0,1,0,0,0,1,0,0,0,0,-1,1,-1,1,1,1
Lgals9,198,1,0,0,0,0,0,0,0,0,1,0,0,0,-1,0,0,0,0,0,0,0,-1,0,0,0,1,-1,0,1,0
Lyn,581,1,1,0,0,0,0,0,0,0,0,0,0,0,0,0,0,0,0,0,-1,0,0,0,0,0,0,0,0,1,0
Ly6i,134,1,-1,0,0,0,0,0,1,0,0,0,0,0,0,0,0,0,0,0,0,0,-1,1,0,0,0,0,-1,0,0
Mark2,938,1,0,0,0,0,0,0,0,0,0,0,0,0,-1,0,0,0,0,0,0,0,0,0,-1,0,1,0,0,0,1
Map2k4,427,1,0,1,0,1,1,-1,0,0,0,0,0,0,-1,0,0,-1,0,0,0,0,0,0,1,1,0,0,0,0,1
Map2k6,360,1,0,0,-1,1,0,0,0,0,1,0,-1,0,0,1,0,0,0,-1,0,0,-1,1,0,0,0,0,0,0,0
Mdm2,531,1,0,0,1,0,0,0,0,0,0,0,0,0,0,0,0,0,0,0,0,0,0,0,0,0,0,0,0,0,0
Mbnl1,341,1,0,0,0,0,0,0,0,1,-1,0,1,0,0,0,0,-1,0,0,1,-1,0,0,1,0,0,0,0,1,0
Marchf5,278,1,0,-1,0,0,0,0,0,0,0,-1,1,0,0,0,0,0,0,0,0,-1,-1,-1,-1,1,0,0,-1,0,0
Mbnl2,373,1,0,0,0,0,0,0,0,1,-1,0,1,0,0,0,0,-1,0,0,1,0,0,0,1,0,0,0,0,1,0
Mecp2,1828,1,0,-1,-1,1,1,-1,-1,0,1,0,0,0,0,0,0,0,0,0,0,-1,0,0,0,0,0,0,0,0,-1
Mitf,352,1,0,0,0,0,0,0,0,0,0,0,0,0,0,0,0,0,0,0,0,0,0,0,-1,1,-1,0,0,0,1
Mefv,269,1,0,0,0,0,-1,0,0,0,-1,0,0,0,0,-1,0,-1,-1,0,-1,0,0,0,-1,0,-1,0,0,0,1
Mff,250,1,0,-1,0,0,1,0,0,0,-1,0,-1,0,0,-1,0,0,0,0,1,0,1,0,0,-1,1,0,1,0,0
Mtdh,910,1,0,0,0,0,0,0,0,0,0,0,0,0,0,0,0,0,0,0,0,1,0,0,0,1,0,0,0,0,0
Mnda,425,1,0,0,-1,0,1,1,0,0,0,0,1,0,0,-1,0,0,0,1,0,0,0,0,0,0,1,0,0,0,0
Mta2,495,1,-1,0,1,0,0,-1,0,-1,0,0,0,0,-1,1,0,0,-1,0,0,0,0,0,0,1,0,0,0,0,0
Ndrg1,394,1,0,1,-1,0,0,-1,0,-1,0,0,-1,0,1,0,0,0,-1,1,0,-1,0,0,0,0,0,0,0,-1,0
Ms4a7,267,1,0,0,0,0,0,0,0,0,0,0,0,0,0,0,0,0,0,0,0,0,0,1,0,0,0,0,0,0,0
Nod1,574,1,-1,0,-1,1,0,0,0,0,0,0,1,1,0,0,0,0,0,0,0,0,0,0,0,0,1,1,0,0,0
Nub1,638,1,1,0,0,0,0,0,0,1,0,1,0,0,0,1,0,0,0,0,1,0,0,1,1,0,0,0,1,1,0
Nr3c1,446,1,0,0,0,0,0,0,0,-1,0,0,0,0,0,0,0,0,0,0,0,0,0,0,0,0,0,0,0,0,1
Nono,290,1,-1,0,0,-1,-1,-1,-1,0,0,0,-1,1,0,0,0,1,0,0,0,0,0,1,-1,1,-1,0,0,0,1
Oas3,1138,1,-1,0,0,0,0,0,0,0,0,0,-1,1,0,0,0,0,0,0,0,0,0,0,-1,0,0,0,0,0,1
Oasl2,260,1,0,0,-1,0,0,-1,0,0,0,0,-1,-1,0,0,0,0,0,0,-1,0,0,0,0,0,1,-1,0,0,0
Oasl1,511,1,0,0,0,0,-1,0,0,0,0,0,0,0,1,0,-1,0,0,0,0,0,0,0,0,0,0,1,-1,0,1
Nfkbiz,596,1,0,-1,0,0,0,0,1,0,0,0,-1,0,0,0,0,0,0,0,0,0,0,-1,-1,1,0,0,0,0,0
Pdzd11,1491,1,-1,0,0,0,-1,0,0,0,0,0,0,0,0,-1,0,0,0,0,0,0,0,0,1,0,0,-1,0,0,0
Nos2,1031,1,0,0,1,0,0,0,1,0,0,1,-1,1,0,0,0,0,-1,-1,0,0,0,0,0,0,-1,0,0,0,0
Parp10,960,1,0,-1,0,-1,0,0,0,0,0,-1,0,1,0,0,0,0,-1,0,0,-1,-1,0,0,0,0,0,0,-1,0
Parp9,1817,1,0,0,0,0,0,0,0,0,0,0,-1,0,0,0,0,0,-1,0,0,1,0,0,0,0,1,0,0,0,0
Patl1,983,1,-1,1,0,0,0,-1,0,-1,0,0,-1,0,0,0,-1,0,1,1,0,0,0,0,1,0,0,0,1,0,0
Pbxip1,727,1,0,0,0,0,-1,0,-1,0,0,0,0,0,0,0,0,-1,0,0,0,0,-1,0,0,0,0,-1,0,1,0
Pml,180,1,0,0,0,0,0,0,1,1,0,1,0,0,0,-1,0,-1,0,1,0,0,0,0,0,0,-1,0,0,0,1
Ppp1r2,159,1,0,0,-1,0,0,0,0,-1,0,0,0,0,0,-1,0,0,-1,-1,0,0,0,1,0,-1,0,0,0,0,0
Prex1,1261,1,-1,0,0,0,1,0,0,0,0,1,1,1,1,1,0,1,0,0,1,-1,1,-1,1,1,0,1,0,0,0
Ppp1r9b,756,1,0,0,0,1,0,0,-1,0,-1,0,0,-1,-1,1,-1,1,1,0,1,0,0,0,1,1,0,0,0,0,0
Plcl2,1128,1,0,-1,0,0,1,0,0,0,0,0,0,0,0,0,0,0,0,0,0,0,0,0,1,0,0,0,1,0,0
Psme2,231,1,0,-1,0,0,0,0,0,0,-1,0,0,1,0,0,0,0,0,-1,0,-1,-1,0,0,0,0,0,0,0,1
Plekhn1,610,1,0,0,0,0,0,0,0,0,0,0,1,1,0,1,0,0,0,0,1,1,0,0,0,1,0,0,1,-1,-1
Pdk3,391,1,1,1,0,0,0,0,0,0,0,0,0,0,0,0,0,0,0,1,0,0,0,1,0,0,0,0,0,0,1
Pxk,582,1,0,0,0,-1,1,0,0,0,0,1,0,0,0,-1,-1,0,0,0,0,0,0,0,0,-1,0,0,0,0,0
Raf1,187,1,0,0,-1,0,0,0,0,0,0,0,0,0,0,0,-1,0,-1,-1,0,0,0,0,0,0,1,0,-1,0,0
Pyhin1,420,1,0,0,-1,0,1,1,0,0,0,0,0,0,0,0,0,0,0,-1,0,-1,0,1,0,0,1,0,0,0,0
Prkcd,382,1,0,-1,0,0,0,0,0,1,0,0,-1,1,0,0,0,0,0,0,0,0,0,1,0,0,0,0,0,0,0
Rap2c,183,1,1,-1,0,1,0,0,0,0,0,0,0,0,0,0,1,0,0,0,0,0,0,0,0,0,0,0,0,0,-1
Ptpn2,837,1,0,0,0,0,0,0,0,1,0,0,0,-1,1,0,0,1,0,0,0,-1,0,0,0,1,0,1,0,0,0
Relb,501,1,0,1,0,0,0,1,0,0,0,0,0,0,0,0,0,0,0,0,0,0,0,0,0,0,0,0,0,0,0
Rbpj,383,1,0,0,0,0,0,0,1,0,0,-1,1,0,0,0,1,1,0,0,1,-1,0,0,1,0,0,0,1,-1,1
Rgl1,768,1,1,0,0,0,0,0,1,0,0,0,0,0,-1,0,0,-1,-1,0,-1,-1,0,0,0,0,0,0,0,0,1
Ptpn1,432,1,-1,0,-1,1,-1,0,-1,-1,0,-1,1,0,0,0,0,0,0,0,0,0,-1,0,1,0,-1,0,0,-1,0
Rapgef2,1496,1,1,0,0,0,0,0,0,0,0,0,0,0,0,0,0,-1,1,0,0,0,0,0,-1,0,0,1,0,0,0
Rel,518,1,1,0,1,0,1,0,-1,0,1,0,0,0,0,0,0,0,-1,1,0,0,-1,0,0,1,0,0,0,0,0
Serpinb1a,379,1,-1,0,0,0,0,0,0,0,0,0,0,0,-1,0,0,0,0,0,0,-1,0,0,0,0,0,0,0,0,0
Rhbdf2,152,1,0,0,0,0,0,0,0,0,0,0,0,0,1,0,0,1,0,0,0,0,-1,-1,0,-1,0,0,0,0,0
Serpinb9b,377,1,0,0,0,0,-1,0,0,0,0,0,0,0,0,0,0,1,0,0,0,0,0,0,0,0,1,0,0,0,0
Safb2,937,1,0,-1,0,0,0,0,0,0,-1,0,0,0,0,0,0,0,0,0,0,0,0,0,0,-1,0,0,0,1,1
Serpinb9,735,1,0,0,0,0,0,0,0,0,0,0,0,-1,0,0,0,0,0,0,0,0,0,-1,0,0,1,-1,1,0,0
Sfpq,290,1,-1,0,0,-1,-1,-1,-1,0,0,0,-1,1,0,0,0,1,0,0,0,0,0,1,-1,1,-1,0,0,0,1
Slc4a7,1118,1,-1,0,1,-1,0,0,0,0,0,-1,0,0,0,0,0,1,0,-1,-1,-1,0,0,0,-1,1,0,0,0,1
Sp110,445,1,0,0,0,0,1,0,0,-1,1,0,0,0,0,0,0,0,0,0,1,0,0,0,0,0,0,0,0,1,0
Src,1992,1,0,0,0,0,0,0,0,0,0,1,1,0,0,0,1,0,0,0,0,0,-1,0,0,0,0,0,0,0,0
Snap23,1152,1,1,1,0,0,0,1,1,0,0,-1,0,0,0,0,0,0,0,0,0,0,0,0,0,0,0,0,0,0,0
Stat3,518,1,1,0,1,0,1,0,-1,0,1,0,0,0,0,0,0,0,-1,1,0,0,-1,0,0,1,0,0,0,0,0
Spen,1192,1,0,0,0,0,0,0,0,0,0,0,0,0,0,0,0,0,0,0,0,0,0,0,1,1,0,1,0,-1,0
Sphk2,617,1,0,0,0,0,0,0,0,0,0,0,0,0,0,0,0,0,0,-1,0,0,0,0,0,0,0,0,0,1,0
Stx11,287,1,1,-1,1,0,0,-1,0,0,-1,0,0,1,0,0,-1,0,0,0,0,-1,0,-1,0,-1,0,-1,0,0,1
Srgap2,1071,1,0,0,0,0,1,0,1,1,-1,1,-1,0,0,0,-1,0,-1,0,0,0,1,-1,0,1,0,0,0,0,-1
Stat1,191,1,0,1,1,0,1,1,0,0,-1,0,0,0,0,-1,-1,-1,-1,-1,0,0,0,-1,1,0,0,-1,1,1,0
Stat5a,786,1,0,0,0,0,0,0,0,0,0,0,0,-1,0,0,0,0,0,0,0,0,0,0,0,0,0,0,0,-1,0
Tbc1d13,200,1,0,1,1,0,0,-1,0,0,0,1,0,0,0,0,0,-1,0,0,0,0,1,0,0,0,0,0,1,0,0
Tarm1,288,1,0,0,1,0,0,0,0,0,0,0,1,0,0,0,0,0,0,-1,0,0,-1,0,0,0,0,0,1,0,0
Stxbp3,592,1,0,0,0,0,0,-1,1,0,0,1,0,0,0,0,1,1,0,1,0,0,0,0,-1,-1,0,1,1,-1,0
Stxbp1,594,1,0,0,0,0,0,1,0,0,0,0,-1,1,0,0,0,-1,0,0,1,1,0,1,1,1,0,-1,0,1,0
Syap1,382,1,0,0,0,0,1,0,0,0,0,0,0,0,0,0,0,0,0,0,0,0,0,0,0,1,0,-1,-1,0,0
Tgs1,853,1,0,0,-1,1,0,0,0,0,0,-1,0,0,0,0,0,-1,-1,1,-1,-1,-1,0,1,0,0,0,0,0,0
Thbs1,342,1,0,0,0,0,0,0,0,0,0,0,0,0,0,0,0,0,0,0,0,0,0,0,0,0,0,0,0,-1,0
Sting1,337,1,0,0,0,0,0,0,0,0,0,0,1,0,1,0,0,1,0,1,0,0,0,0,0,0,0,0,0,0,0
Tlr9,662,1,0,0,0,0,0,1,0,-1,0,0,-1,0,0,0,0,1,0,-1,0,0,0,-1,0,0,0,0,0,0,0
Tle3,613,1,0,-1,1,1,1,0,0,0,0,0,0,0,0,0,1,0,0,0,0,0,0,-1,0,0,0,0,0,-1,1
Tbc1d9,1264,1,0,0,0,0,-1,-1,0,0,0,0,0,0,0,0,0,0,-1,1,0,0,0,0,0,0,0,0,1,1,1
Tnfrsf1b,474,1,0,0,0,0,0,0,0,0,0,0,0,-1,0,0,0,0,0,0,0,0,0,0,0,0,0,0,0,0,0
Tmsb10,44,1,0,-1,1,0,-1,0,0,-1,0,0,0,0,-1,1,0,1,0,1,1,0,-1,0,0,-1,1,0,0,0,0
Tnip1,775,1,0,-1,0,0,0,0,0,0,0,0,0,0,0,0,1,1,0,0,1,0,1,-1,1,0,0,-1,-1,0,0
Trim21,531,1,0,1,0,0,0,-1,0,0,0,0,0,0,0,0,0,0,0,0,0,0,0,0,-1,0,0,0,-1,0,0
Trim56,507,1,-1,-1,0,1,1,1,0,0,0,0,1,0,1,1,0,0,0,1,1,0,0,0,0,0,0,1,0,1,0
Tnfrsf14,275,1,-1,0,0,0,0,0,0,0,0,0,0,0,0,0,0,0,-1,0,0,0,1,0,0,0,0,0,0,0,0
Tra2a,248,1,0,0,0,0,0,0,1,0,0,0,0,0,0,-1,0,1,0,0,0,0,0,0,0,0,-1,0,1,0,1
Tnip3,279,1,0,0,1,1,0,0,0,0,-1,1,0,-1,-1,0,0,0,0,0,0,0,0,0,-1,-1,0,-1,1,0,-1
Trim30a,496,1,0,0,0,0,0,-1,0,0,1,-1,-1,0,0,0,0,0,0,0,-1,0,0,1,-1,0,0,0,0,-1,0
Triobp,352,1,0,0,0,0,0,1,0,0,0,1,0,0,0,-1,0,0,1,0,0,0,0,0,0,0,0,-1,0,-1,1
Use1,356,1,0,-1,0,0,0,-1,-1,0,0,0,0,0,0,0,0,0,0,0,0,0,0,0,0,0,0,0,0,0,0
Ybx1,317,1,0,1,1,0,1,1,0,0,0,-1,-1,0,-1,-1,0,1,0,-1,0,-1,0,1,1,0,1,0,0,0,1
Vezf1,275,1,0,0,0,0,-1,0,0,0,0,0,0,0,0,0,0,0,-1,0,0,0,-1,0,0,0,1,0,0,1,1
Vrk2,381,1,0,0,0,-1,-1,0,0,0,-1,0,0,0,-1,0,0,0,0,0,-1,0,0,0,0,0,0,1,0,0,0
Zyx,1087,1,0,0,0,-1,0,0,0,0,0,0,0,0,0,0,0,0,0,0,1,0,0,0,0,1,-1,-1,0,0,0
Ythdf1,589,1,0,0,0,-1,0,0,0,0,0,1,0,0,-1,-1,0,0,-1,-1,0,0,0,0,0,0,0,0,0,0,0
Wac,415,1,0,0,0,0,-1,0,0,-1,0,0,0,0,1,0,1,0,0,0,0,0,0,0,0,-1,-1,0,0,0,0
Zc3hav1,926,1,0,0,-1,0,1,0,0,0,0,0,0,1,-1,0,0,1,1,0,0,-1,0,0,0,0,0,0,0,0,0
